Date,GOLDAMGBD228NLBM
1/2/2014,1219.75
1/3/2014,1232.25
1/6/2014,1238
1/7/2014,1237.5
1/8/2014,1226.5
1/9/2014,1226
1/10/2014,1232.25
1/13/2014,1246
1/14/2014,1248.75
1/15/2014,1238
1/16/2014,1237.25
1/17/2014,1241
1/20/2014,1254.75
1/21/2014,1247.75
1/22/2014,1239.5
1/23/2014,1244.25
1/24/2014,1259.25
1/27/2014,1270
1/28/2014,1253.5
1/29/2014,1254.75
1/30/2014,1254
1/31/2014,1246.5
2/3/2014,1246.5
2/4/2014,1253
2/5/2014,1257
2/6/2014,1258.5
2/7/2014,1260
2/10/2014,1273.5
2/11/2014,1282.75
2/12/2014,1286.5
2/13/2014,1290.25
2/14/2014,1308.5
2/17/2014,1326
2/18/2014,1314
2/19/2014,1318.75
2/20/2014,1313.75
2/21/2014,1320.75
2/24/2014,1333
2/25/2014,1332.75
2/26/2014,1340
2/27/2014,1331
2/28/2014,1327.75
3/3/2014,1344.25
3/4/2014,1339.5
3/5/2014,1333.5
3/6/2014,1334.25
3/7/2014,1348.25
3/10/2014,1334.25
3/11/2014,1348
3/12/2014,1355.75
3/13/2014,1371
3/14/2014,1370
3/17/2014,1379
3/18/2014,1362.5
3/19/2014,1346
3/20/2014,1327
3/21/2014,1338.5
3/24/2014,1322
3/25/2014,1314.75
3/26/2014,1314.5
3/27/2014,1295
3/28/2014,1295.75
3/31/2014,1294
4/1/2014,1286.5
4/2/2014,1284
4/3/2014,1287.25
4/4/2014,1293.5
4/7/2014,1299
4/8/2014,1314.75
4/9/2014,1309.75
4/10/2014,1321.5
4/11/2014,1317.25
4/14/2014,1324.5
4/15/2014,1311.5
4/16/2014,1299
4/17/2014,1299.25
4/18/2014,.
4/21/2014,.
4/22/2014,1290.75
4/23/2014,1283.5
4/24/2014,1283.5
4/25/2014,1294.25
4/28/2014,1302
4/29/2014,1289.75
4/30/2014,1292
5/1/2014,1283
5/2/2014,1285
5/5/2014,.
5/6/2014,1308.5
5/7/2014,1311
5/8/2014,1291.25
5/9/2014,1289
5/12/2014,1292.75
5/13/2014,1292.75
5/14/2014,1300.25
5/15/2014,1303.75
5/16/2014,1293.75
5/19/2014,1301
5/20/2014,1291.5
5/21/2014,1292
5/22/2014,1294.5
5/23/2014,1292
5/26/2014,.
5/27/2014,1283
5/28/2014,1265.25
5/29/2014,1254
5/30/2014,1254
6/2/2014,1244.75
6/3/2014,1244.25
6/4/2014,1246
6/5/2014,1244.75
6/6/2014,1254
6/9/2014,1255
6/10/2014,1253.5
6/11/2014,1262.5
6/12/2014,1261.75
6/13/2014,1273
6/16/2014,1281.75
6/17/2014,1264.5
6/18/2014,1269
6/19/2014,1282
6/20/2014,1310
6/23/2014,1313.5
6/24/2014,1323
6/25/2014,1312
6/26/2014,1311.5
6/27/2014,1315.25
6/30/2014,1313
7/1/2014,1325.75
7/2/2014,1326.75
7/3/2014,1322.5
7/4/2014,1321.5
7/7/2014,1313.25
7/8/2014,1318.25
7/9/2014,1322.5
7/10/2014,1343.25
7/11/2014,1336.5
7/14/2014,1321.25
7/15/2014,1312
7/16/2014,1297.5
7/17/2014,1302.75
7/18/2014,1310.25
7/21/2014,1312.75
7/22/2014,1307
7/23/2014,1307.5
7/24/2014,1300
7/25/2014,1292.5
7/28/2014,1305
7/29/2014,1307.5
7/30/2014,1297.5
7/31/2014,1295
8/1/2014,1284.5
8/4/2014,1293.5
8/5/2014,1292.75
8/6/2014,1288.5
8/7/2014,1302
8/8/2014,1317.5
8/11/2014,1308.25
8/12/2014,1311
8/13/2014,1309.25
8/14/2014,1315
8/15/2014,1313.6
8/18/2014,1302.75
8/19/2014,1300.25
8/20/2014,1294.5
8/21/2014,1280.5
8/22/2014,1281
8/25/2014,.
8/26/2014,1286.5
8/27/2014,1285
8/28/2014,1288
8/29/2014,1285.75
9/1/2014,1287.25
9/2/2014,1277.75
9/3/2014,1268.5
9/4/2014,1271
9/5/2014,1264
9/8/2014,1267.25
9/9/2014,1256
9/10/2014,1254.25
9/11/2014,1247
9/12/2014,1237.25
9/15/2014,1234.75
9/16/2014,1238.75
9/17/2014,1236.5
9/18/2014,1223
9/19/2014,1222.5
9/22/2014,1214
9/23/2014,1225
9/24/2014,1224
9/25/2014,1210.5
9/26/2014,1222.25
9/29/2014,1217.75
9/30/2014,1210
10/1/2014,1208.5
10/2/2014,1214.5
10/3/2014,1207.5
10/6/2014,1193.25
10/7/2014,1207.5
10/8/2014,1220
10/9/2014,1227.5
10/10/2014,1222.25
10/13/2014,1228
10/14/2014,1233
10/15/2014,1223.5
10/16/2014,1241
10/17/2014,1238
10/20/2014,1241
10/21/2014,1251.75
10/22/2014,1246.75
10/23/2014,1240.5
10/24/2014,1231.75
10/27/2014,1230.5
10/28/2014,1228.25
10/29/2014,1228
10/30/2014,1205.75
10/31/2014,1173.25
11/3/2014,1170.75
11/4/2014,1169.25
11/5/2014,1145.25
11/6/2014,1144.5
11/7/2014,1145
11/10/2014,1172
11/11/2014,1151.25
11/12/2014,1163.25
11/13/2014,1161
11/14/2014,1154
11/17/2014,1187
11/18/2014,1202
11/19/2014,1200.75
11/20/2014,1194
11/21/2014,1193.25
11/24/2014,1196
11/25/2014,1202.25
11/26/2014,1195.75
11/27/2014,1196.5
11/28/2014,1184.5
12/1/2014,1178.75
12/2/2014,1197
12/3/2014,1203.25
12/4/2014,1204
12/5/2014,1204.5
12/8/2014,1195.25
12/9/2014,1206.5
12/10/2014,1228.25
12/11/2014,1219.5
12/12/2014,1223.5
12/15/2014,1210.75
12/16/2014,1199.25
12/17/2014,1199
12/18/2014,1210.75
12/19/2014,1197.5
12/22/2014,1195.25
12/23/2014,1179.5
12/24/2014,1177
12/25/2014,.
12/26/2014,.
12/29/2014,1194
12/30/2014,1186.5
12/31/2014,1199.25
1/1/2015,.
1/2/2015,1184.25
1/5/2015,1192
1/6/2015,1211
1/7/2015,1213.75
1/8/2015,1206.5
1/9/2015,1211.25
1/12/2015,1222
1/13/2015,1239
1/14/2015,1228.75
1/15/2015,1235.25
1/16/2015,1258.25
1/19/2015,1275.5
1/20/2015,1292.25
1/21/2015,1298
1/22/2015,1287
1/23/2015,1293.5
1/26/2015,1282.75
1/27/2015,1279
1/28/2015,1287
1/29/2015,1275.5
1/30/2015,1263.5
2/2/2015,1274.25
2/3/2015,1281
2/4/2015,1269.25
2/5/2015,1263.75
2/6/2015,1264
2/9/2015,1242.25
2/10/2015,1237.5
2/11/2015,1235.5
2/12/2015,1225.25
2/13/2015,1225.75
2/16/2015,1233.5
2/17/2015,1221.75
2/18/2015,1206.5
2/19/2015,1217.75
2/20/2015,1203.5
2/23/2015,1193.5
2/24/2015,1195.5
2/25/2015,1206.5
2/26/2015,1220
2/27/2015,1205
3/2/2015,1216.75
3/3/2015,1207.75
3/4/2015,1204.25
3/5/2015,1199.75
3/6/2015,1196.5
3/9/2015,1173.75
3/10/2015,1161
3/11/2015,1158.75
3/12/2015,1161.25
3/13/2015,1156.5
3/16/2015,1157
3/17/2015,1154.75
3/18/2015,1149
3/19/2015,1164
3/20/2015,1171.75
3/23/2015,1181.4
3/24/2015,1193.25
3/25/2015,1192.55
3/26/2015,1209.4
3/27/2015,1198
3/30/2015,1187.4
3/31/2015,1179.25
4/1/2015,1181.25
4/2/2015,1201.5
4/3/2015,.
4/6/2015,.
4/7/2015,1208.5
4/8/2015,1211.1
4/9/2015,1196
4/10/2015,1201.9
4/13/2015,1197.85
4/14/2015,1191.45
4/15/2015,1189.85
4/16/2015,1204.6
4/17/2015,1204.55
4/20/2015,1203.25
4/21/2015,1197.7
4/22/2015,1202.4
4/23/2015,1187.75
4/24/2015,1192.15
4/27/2015,1182.75
4/28/2015,1201.4
4/29/2015,1204.8
4/30/2015,1204.3
5/1/2015,1179
5/4/2015,.
5/5/2015,1187.4
5/6/2015,1191.25
5/7/2015,1183
5/8/2015,1185.25
5/11/2015,1184.75
5/12/2015,1184.45
5/13/2015,1193
5/14/2015,1214.75
5/15/2015,1216.3
5/18/2015,1228.15
5/19/2015,1219.65
5/20/2015,1206.75
5/21/2015,1209.6
5/22/2015,1211
5/25/2015,.
5/26/2015,1194
5/27/2015,1187.85
5/28/2015,1189.45
5/29/2015,1190.4
6/1/2015,1187.3
6/2/2015,1188.75
6/3/2015,1186.6
6/4/2015,1182.45
6/5/2015,1175.9
6/8/2015,1173.4
6/9/2015,1181
6/10/2015,1186
6/11/2015,1180.5
6/12/2015,1179.25
6/15/2015,1178.25
6/16/2015,1182.1
6/17/2015,1178.5
6/18/2015,1198
6/19/2015,1198.15
6/22/2015,1193.7
6/23/2015,1183.35
6/24/2015,1175.75
6/25/2015,1174.6
6/26/2015,1174.4
6/29/2015,1176.5
6/30/2015,1175
7/1/2015,1171.7
7/2/2015,1164.3
7/3/2015,1168.25
7/6/2015,1164.25
7/7/2015,1166.25
7/8/2015,1154.25
7/9/2015,1162.1
7/10/2015,1162.4
7/13/2015,1154.95
7/14/2015,1153.2
7/15/2015,1154.75
7/16/2015,1145.1
7/17/2015,1143
7/20/2015,1115
7/21/2015,1108
7/22/2015,1096.8
7/23/2015,1101.65
7/24/2015,1083.75
7/27/2015,1098.6
7/28/2015,1095.6
7/29/2015,1096.75
7/30/2015,1085.65
7/31/2015,1080.05
8/3/2015,1093
8/4/2015,1092.6
8/5/2015,1086.5
8/6/2015,1085
8/7/2015,1091.35
8/10/2015,1094.8
8/11/2015,1113.25
8/12/2015,1116.8
8/13/2015,1117.35
8/14/2015,1116.75
8/17/2015,1117.3
8/18/2015,1119.15
8/19/2015,1123.2
8/20/2015,1137.95
8/21/2015,1149.35
8/24/2015,1153.5
8/25/2015,1154.25
8/26/2015,1134.4
8/27/2015,1128.5
8/28/2015,1125.5
8/31/2015,.
9/1/2015,1141.9
9/2/2015,1140
9/3/2015,1130.05
9/4/2015,1125
9/7/2015,1121
9/8/2015,1120.85
9/9/2015,1122.3
9/10/2015,1107.75
9/11/2015,1106.35
9/14/2015,1108
9/15/2015,1105.5
9/16/2015,1109.75
9/17/2015,1118.15
9/18/2015,1136
9/21/2015,1136.85
9/22/2015,1129.3
9/23/2015,1124.6
9/24/2015,1134.45
9/25/2015,1145.5
9/28/2015,1137.5
9/29/2015,1124.6
9/30/2015,1122.5
10/1/2015,1114.2
10/2/2015,1106.3
10/5/2015,1134.35
10/6/2015,1136.9
10/7/2015,1147.9
10/8/2015,1143.3
10/9/2015,1151.5
10/12/2015,1164.2
10/13/2015,1154.4
10/14/2015,1173.7
10/15/2015,1183.35
10/16/2015,1176.35
10/19/2015,1171.65
10/20/2015,1173.7
10/21/2015,1174.4
10/22/2015,1166.45
10/23/2015,1171.55
10/26/2015,1168.5
10/27/2015,1165.75
10/28/2015,1171.5
10/29/2015,1159
10/30/2015,1147.75
11/2/2015,1135.8
11/3/2015,1130.9
11/4/2015,1118
11/5/2015,1107.3
11/6/2015,1107.7
11/9/2015,1095.6
11/10/2015,1092.5
11/11/2015,1088.6
11/12/2015,1087.6
11/13/2015,1083.75
11/16/2015,1094.5
11/17/2015,1080.8
11/18/2015,1070.5
11/19/2015,1073.1
11/20/2015,1085.15
11/23/2015,1068.35
11/24/2015,1073
11/25/2015,1072.2
11/26/2015,1070.5
11/27/2015,1064.65
11/30/2015,1055.65
12/1/2015,1069.25
12/2/2015,1066.9
12/3/2015,1050.6
12/4/2015,1063
12/7/2015,1082.7
12/8/2015,1071.75
12/9/2015,1078.4
12/10/2015,1072
12/11/2015,1067.2
12/14/2015,1068
12/15/2015,1069.15
12/16/2015,1065.75
12/17/2015,1065.85
12/18/2015,1055.25
12/21/2015,1071.15
12/22/2015,1077
12/23/2015,1071.5
12/24/2015,1071.9
12/25/2015,.
12/28/2015,.
12/29/2015,1067.25
12/30/2015,1067.8
12/31/2015,1062.25
1/1/2016,.
1/4/2016,1072.7
1/5/2016,1078
1/6/2016,1083.85
1/7/2016,1096
1/8/2016,1097.45
1/11/2016,1104.7
1/12/2016,1094.85
1/13/2016,1081.8
1/14/2016,1090.75
1/15/2016,1081.1
1/18/2016,1090.45
1/19/2016,1087
1/20/2016,1093.2
1/21/2016,1096.8
1/22/2016,1097.65
1/25/2016,1103.7
1/26/2016,1114.7
1/27/2016,1116.5
1/28/2016,1119
1/29/2016,1112.9
2/1/2016,1122
2/2/2016,1123.6
2/3/2016,1130
2/4/2016,1146.25
2/5/2016,1158.5
2/8/2016,1173.4
2/9/2016,1188.9
2/10/2016,1183.4
2/11/2016,1223.25
2/12/2016,1239.5
2/15/2016,1208.45
2/16/2016,1212
2/17/2016,1202.4
2/18/2016,1204.4
2/19/2016,1221.5
2/22/2016,1203.65
2/23/2016,1218.75
2/24/2016,1232.25
2/25/2016,1235.4
2/26/2016,1231
2/29/2016,1234.15
3/1/2016,1240
3/2/2016,1229.35
3/3/2016,1241.95
3/4/2016,1271.5
3/7/2016,1267.6
3/8/2016,1274.1
3/9/2016,1258.25
3/10/2016,1247.25
3/11/2016,1262.25
3/14/2016,1256.55
3/15/2016,1233.6
3/16/2016,1233.1
3/17/2016,1269.6
3/18/2016,1254.5
3/21/2016,1244.25
3/22/2016,1251.8
3/23/2016,1232.2
3/24/2016,1216.45
3/25/2016,.
3/28/2016,.
3/29/2016,1216.45
3/30/2016,1238.2
3/31/2016,1233.6
4/1/2016,1232.1
4/4/2016,1215
4/5/2016,1231.5
4/6/2016,1225.75
4/7/2016,1237.5
4/8/2016,1235
4/11/2016,1247.25
4/12/2016,1259.2
4/13/2016,1245.75
4/14/2016,1240.3
4/15/2016,1229.75
4/18/2016,1237.7
4/19/2016,1241.7
4/20/2016,1247.75
4/21/2016,1257.65
4/22/2016,1245.4
4/25/2016,1230.85
4/26/2016,1234.5
4/27/2016,1244.75
4/28/2016,1256.6
4/29/2016,1274.5
5/2/2016,.
5/3/2016,1296.5
5/4/2016,1280.3
5/5/2016,1275.75
5/6/2016,1280.25
5/9/2016,1277.75
5/10/2016,1264.85
5/11/2016,1271.8
5/12/2016,1268.3
5/13/2016,1275.15
5/16/2016,1281
5/17/2016,1270.1
5/18/2016,1270.9
5/19/2016,1253.75
5/20/2016,1256.5
5/23/2016,1250.4
5/24/2016,1242.65
5/25/2016,1220.75
5/26/2016,1226.65
5/27/2016,1221.25
5/30/2016,.
5/31/2016,1210.5
6/1/2016,1216.25
6/2/2016,1215.5
6/3/2016,1211
6/6/2016,1240.55
6/7/2016,1241.1
6/8/2016,1252.4
6/9/2016,1258.35
6/10/2016,1266.6
6/13/2016,1284.1
6/14/2016,1279.4
6/15/2016,1282
6/16/2016,1307
6/17/2016,1284.5
6/20/2016,1283.25
6/21/2016,1280.8
6/22/2016,1265
6/23/2016,1265.75
6/24/2016,1313.85
6/27/2016,1324.6
6/28/2016,1312
6/29/2016,1317.75
6/30/2016,1317
7/1/2016,1331.75
7/4/2016,1348.75
7/5/2016,1344.75
7/6/2016,1370
7/7/2016,1367.1
7/8/2016,1356.1
7/11/2016,1358.25
7/12/2016,1352.85
7/13/2016,1340.25
7/14/2016,1325.7
7/15/2016,1330.5
7/18/2016,1326.15
7/19/2016,1332.2
7/20/2016,1325.6
7/21/2016,1322
7/22/2016,1323.2
7/25/2016,1315
7/26/2016,1321.25
7/27/2016,1320.8
7/28/2016,1341.3
7/29/2016,1332.5
8/1/2016,1348.85
8/2/2016,1358.15
8/3/2016,1364.4
8/4/2016,1351.15
8/5/2016,1362.6
8/8/2016,1330
8/9/2016,1332.9
8/10/2016,1351.85
8/11/2016,1344.55
8/12/2016,1336.7
8/15/2016,1339.2
8/16/2016,1349.1
8/17/2016,1342.75
8/18/2016,1347.1
8/19/2016,1346.85
8/22/2016,1334.3
8/23/2016,1338.5
8/24/2016,1337.3
8/25/2016,1324.5
8/26/2016,1324.9
8/29/2016,.
8/30/2016,1318.85
8/31/2016,1314.45
9/1/2016,1305.7
9/2/2016,1311.5
9/5/2016,1328.3
9/6/2016,1330.05
9/7/2016,1348.75
9/8/2016,1348
9/9/2016,1335.65
9/12/2016,1327.5
9/13/2016,1328.5
9/14/2016,1323.2
9/15/2016,1320.1
9/16/2016,1314.25
9/19/2016,1315.05
9/20/2016,1315.4
9/21/2016,1319.6
9/22/2016,1332.45
9/23/2016,1335.9
9/26/2016,1336.3
9/27/2016,1335.85
9/28/2016,1324.8
9/29/2016,1320.85
9/30/2016,1327.9
10/3/2016,1318.65
10/4/2016,1309.15
10/5/2016,1274
10/6/2016,1265.5
10/7/2016,1255
10/10/2016,1262.1
10/11/2016,1256.4
10/12/2016,1255.7
10/13/2016,1258
10/14/2016,1256.15
10/17/2016,1252.7
10/18/2016,1261.65
10/19/2016,1269.75
10/20/2016,1269.2
10/21/2016,1263.95
10/24/2016,1267
10/25/2016,1269.3
10/26/2016,1273.9
10/27/2016,1269.3
10/28/2016,1265.9
10/31/2016,1274.2
11/1/2016,1284.4
11/2/2016,1295.85
11/3/2016,1293
11/4/2016,1301.7
11/7/2016,1286.8
11/8/2016,1284
11/9/2016,1304.55
11/10/2016,1280.9
11/11/2016,1255.65
11/14/2016,1222.6
11/15/2016,1228.9
11/16/2016,1225.7
11/17/2016,1232
11/18/2016,1206.1
11/21/2016,1214.95
11/22/2016,1217.55
11/23/2016,1213.25
11/24/2016,1187.25
11/25/2016,1187.5
11/28/2016,1189.1
11/29/2016,1187.3
11/30/2016,1187.4
12/1/2016,1168.75
12/2/2016,1171.65
12/5/2016,1164.9
12/6/2016,1171.15
12/7/2016,1171.25
12/8/2016,1174.75
12/9/2016,1168.9
12/12/2016,1154.4
12/13/2016,1157.35
12/14/2016,1160.95
12/15/2016,1132.45
12/16/2016,1134.85
12/19/2016,1137.6
12/20/2016,1132.75
12/21/2016,1134.4
12/22/2016,1130.55
12/23/2016,1131
12/26/2016,.
12/27/2016,.
12/28/2016,1139.75
12/29/2016,1146.8
12/30/2016,1159.1
1/2/2017,.
1/3/2017,1148.65
1/4/2017,1165.9
1/5/2017,1173.05
1/6/2017,1178
1/9/2017,1176.1
1/10/2017,1183.2
1/11/2017,1187.55
1/12/2017,1206.65
1/13/2017,1196.35
1/16/2017,1202.75
1/17/2017,1217.5
1/18/2017,1212.5
1/19/2017,1203.35
1/20/2017,1199.1
1/23/2017,1213.75
1/24/2017,1213.3
1/25/2017,1203.5
1/26/2017,1191.55
1/27/2017,1184.2
1/30/2017,1189.85
1/31/2017,1198.8
2/1/2017,1210
2/2/2017,1224.05
2/3/2017,1213.05
2/6/2017,1221.85
2/7/2017,1231
2/8/2017,1235.6
2/9/2017,1241.75
2/10/2017,1225.75
2/13/2017,1229.4
2/14/2017,1229.65
2/15/2017,1225.15
2/16/2017,1236.75
2/17/2017,1241.4
2/20/2017,1235.35
2/21/2017,1228.7
2/22/2017,1237.5
2/23/2017,1237.35
2/24/2017,1255.35
2/27/2017,1256.25
2/28/2017,1251.9
3/1/2017,1246.05
3/2/2017,1243.3
3/3/2017,1228.75
3/6/2017,1231.15
3/7/2017,1223.7
3/8/2017,1213.3
3/9/2017,1204.6
3/10/2017,1196.55
3/13/2017,1207.8
3/14/2017,1203.55
3/15/2017,1202.25
3/16/2017,1225.6
3/17/2017,1228.75
3/20/2017,1233
3/21/2017,1232.05
3/22/2017,1246.1
3/23/2017,1247.9
3/24/2017,1244
3/27/2017,1256.9
3/28/2017,1253.65
3/29/2017,1252.9
3/30/2017,1250.9
3/31/2017,1241.7
4/3/2017,1246.25
4/4/2017,1258.65
4/5/2017,1252.5
4/6/2017,1253.75
4/7/2017,1264.3
4/10/2017,1253.6
4/11/2017,1255.7
4/12/2017,1272.3
4/13/2017,1286.1
4/14/2017,.
4/17/2017,.
4/18/2017,1285
4/19/2017,1282.05
4/20/2017,1279.9
4/21/2017,1281.5
4/24/2017,1271.8
4/25/2017,1270.5
4/26/2017,1264.95
4/27/2017,1264.3
4/28/2017,1265.55
5/1/2017,.
5/2/2017,1255.8
5/3/2017,1253.95
5/4/2017,1235.85
5/5/2017,1239.4
5/8/2017,1229.7
5/9/2017,1225.15
5/10/2017,1222.95
5/11/2017,1221
5/12/2017,1227.9
5/15/2017,1231.5
5/16/2017,1234.05
5/17/2017,1244.6
5/18/2017,1261.35
5/19/2017,1251.85
5/22/2017,1255.25
5/23/2017,1259.9
5/24/2017,1251.35
5/25/2017,1257.1
5/26/2017,1265
5/29/2017,.
5/30/2017,1262.8
5/31/2017,1263.8
6/1/2017,1266.15
6/2/2017,1260.95
6/5/2017,1280.7
6/6/2017,1287.85
6/7/2017,1292.7
6/8/2017,1284.8
6/9/2017,1274.25
6/12/2017,1269.25
6/13/2017,1261.3
6/14/2017,1268.25
6/15/2017,1260.25
6/16/2017,1256.6
6/19/2017,1251.1
6/20/2017,1246.5
6/21/2017,1247.05
6/22/2017,1251.4
6/23/2017,1256.3
6/26/2017,1240.85
6/27/2017,1250.4
6/28/2017,1251.6
6/29/2017,1246.6
6/30/2017,1243.25
7/3/2017,1235.2
7/4/2017,1224.25
7/5/2017,1221.9
7/6/2017,1224.3
7/7/2017,1220.4
7/10/2017,1207.55
7/11/2017,1211.9
7/12/2017,1219.4
7/13/2017,1221.4
7/14/2017,1218.95
7/17/2017,1229.85
7/18/2017,1237.1
7/19/2017,1239.85
7/20/2017,1236.55
7/21/2017,1247.25
7/24/2017,1255.85
7/25/2017,1252
7/26/2017,1245.4
7/27/2017,1262.05
7/28/2017,1259.6
7/31/2017,1266.35
8/1/2017,1267.05
8/2/2017,1266.65
8/3/2017,1261.8
8/4/2017,1269.3
8/7/2017,1257.55
8/8/2017,1261.45
8/9/2017,1267.95
8/10/2017,1278.9
8/11/2017,1288.3
8/14/2017,1281.1
8/15/2017,.
8/16/2017,1270.15
8/17/2017,1285.9
8/18/2017,1295.25
8/21/2017,1287.6
8/22/2017,1285.1
8/23/2017,1286.45
8/24/2017,1285.9
8/25/2017,1287.05
8/28/2017,.
8/29/2017,1323.4
8/30/2017,1310.6
8/31/2017,1305.8
9/1/2017,1318.4
9/4/2017,1334.6
9/5/2017,1331.15
9/6/2017,1340.15
9/7/2017,1340.45
9/8/2017,1350.9
9/11/2017,1338.75
9/12/2017,1326.25
9/13/2017,1332.25
9/14/2017,1323
9/15/2017,1325
9/18/2017,1314.4
9/19/2017,1308.45
9/20/2017,1314.9
9/21/2017,1297.35
9/22/2017,1297
9/25/2017,1295.5
9/26/2017,1306.9
9/27/2017,1291.3
9/28/2017,1284.3
9/29/2017,1286.95
10/2/2017,1273.1
10/3/2017,1270.7
10/4/2017,1275.55
10/5/2017,1278.4
10/6/2017,1268.2
10/9/2017,1282.15
10/10/2017,1289.6
10/11/2017,1290.2
10/12/2017,1294.45
10/13/2017,1293.9
10/16/2017,1305.15
10/17/2017,1289.7
10/18/2017,1280.65
10/19/2017,1283.4
10/20/2017,1280.25
10/23/2017,1275.25
10/24/2017,1278.3
10/25/2017,1273
10/26/2017,1278
10/27/2017,1267.8
10/30/2017,1272.75
10/31/2017,1274.4
11/1/2017,1279.25
11/2/2017,1276.4
11/3/2017,1275.3
11/6/2017,1271.6
11/7/2017,1276.35
11/8/2017,1282.25
11/9/2017,1284
11/10/2017,1284.45
11/13/2017,1278.4
11/14/2017,1273.7
11/15/2017,1285.7
11/16/2017,1277.7
11/17/2017,1283.85
11/20/2017,1292.35
11/21/2017,1280
11/22/2017,1283.95
11/23/2017,1290.15
11/24/2017,1289.15
11/27/2017,1294.7
11/28/2017,1293.9
11/29/2017,1294.85
11/30/2017,1282.15
12/1/2017,1277.25
12/4/2017,1279.1
12/5/2017,1275.9
12/6/2017,1268.55
12/7/2017,1256.8
12/8/2017,1245.85
12/11/2017,1251.4
12/12/2017,1243.4
12/13/2017,1241.6
12/14/2017,1255.6
12/15/2017,1257.25
12/18/2017,1258.65
12/19/2017,1263.1
12/20/2017,1265.95
12/21/2017,1265.85
12/22/2017,1268.05
12/25/2017,.
12/26/2017,.
12/27/2017,1285.4
12/28/2017,1291.6
12/29/2017,1296.5
1/1/2018,.
1/2/2018,1312.8
1/3/2018,1314.6
1/4/2018,1313.7
1/5/2018,1317.9
1/8/2018,1318.8
1/9/2018,1314.95
1/10/2018,1321.65
1/11/2018,1319.85
1/12/2018,1332.9
1/15/2018,1343
1/16/2018,1334.95
1/17/2018,1337.35
1/18/2018,1329.75
1/19/2018,1335.8
1/22/2018,1334.15
1/23/2018,1337.1
1/24/2018,1350.5
1/25/2018,1360.25
1/26/2018,1354.35
1/29/2018,1348.4
1/30/2018,1345.7
1/31/2018,1343.35
2/1/2018,1341.1
2/2/2018,1345
2/5/2018,1337.1
2/6/2018,1344.65
2/7/2018,1328.5
2/8/2018,1311.05
2/9/2018,1316.05
2/12/2018,1321.7
2/13/2018,1329.4
2/14/2018,1330.75
2/15/2018,1353.7
2/16/2018,1358.6
2/19/2018,1347.4
2/20/2018,1337.4
2/21/2018,1328.6
2/22/2018,1323.5
2/23/2018,1328.9
2/26/2018,1339.05
2/27/2018,1332.75
2/28/2018,1320.3
3/1/2018,1311.25
3/2/2018,1316.75
3/5/2018,1326.3
3/6/2018,1324.95
3/7/2018,1332.5
3/8/2018,1325.4
3/9/2018,1319.35
3/12/2018,1317.25
3/13/2018,1318.7
3/14/2018,1324.95
3/15/2018,1323.35
3/16/2018,1320.05
3/19/2018,1311.7
3/20/2018,1312.75
3/21/2018,1316.35
3/22/2018,1328.85
3/23/2018,1342.35
3/26/2018,1348.4
3/27/2018,1350.65
3/28/2018,1341.05
3/29/2018,1323.9
3/30/2018,.
4/2/2018,.
4/3/2018,1336.6
4/4/2018,1343.15
4/5/2018,1327.05
4/6/2018,1325.6
4/9/2018,1328.5
4/10/2018,1335.95
4/11/2018,1345.2
4/12/2018,1345.9
4/13/2018,1340.75
4/16/2018,1344.4
4/17/2018,1342.95
4/18/2018,1346.55
4/19/2018,1347.9
4/20/2018,1340.15
4/23/2018,1328
4/24/2018,1327.35
4/25/2018,1325.7
4/26/2018,1321.9
4/27/2018,1317.7
4/30/2018,1316.25
5/1/2018,1309.2
5/2/2018,1310.75
5/3/2018,1313.3
5/4/2018,1309.35
5/7/2018,.
5/8/2018,1310.05
5/9/2018,1306.85
5/10/2018,1314.8
5/11/2018,1324.8
5/14/2018,1320.7
5/15/2018,1310.05
5/16/2018,1291.75
5/17/2018,1288.85
5/18/2018,1287.2
5/21/2018,1285.85
5/22/2018,1293.9
5/23/2018,1294
5/24/2018,1296.35
5/25/2018,1303.95
5/28/2018,.
5/29/2018,1302.05
5/30/2018,1298.6
5/31/2018,1303.5
6/1/2018,1299.15
6/4/2018,1294.65
6/5/2018,1292.25
6/6/2018,1295.25
6/7/2018,1298.3
6/8/2018,1299.2
6/11/2018,1296.05
6/12/2018,1298.3
6/13/2018,1294.4
6/14/2018,1305.3
6/15/2018,1300.1
6/18/2018,1281.25
6/19/2018,1279
6/20/2018,1273.25
6/21/2018,1263.7
6/22/2018,1269.7
6/25/2018,1269.8
6/26/2018,1257.15
6/27/2018,1256.8
6/28/2018,1250.5
6/29/2018,1250.55
7/2/2018,1249
7/3/2018,1245.85
7/4/2018,1256.9
7/5/2018,1252.5
7/6/2018,1254.2
7/9/2018,1262.6
7/10/2018,1253.7
7/11/2018,1250
7/12/2018,1244.85
7/13/2018,1240.5
7/16/2018,1244.9
7/17/2018,1243.65
7/18/2018,1223.45
7/19/2018,1217.4
7/20/2018,1224.85
7/23/2018,1229.45
7/24/2018,1224.3
7/25/2018,1230.55
7/26/2018,1228.35
7/27/2018,1219.15
7/30/2018,1222.05
7/31/2018,1219.2
8/1/2018,1222.75
8/2/2018,1217.6
8/3/2018,1207.7
8/6/2018,1212
8/7/2018,1215.4
8/8/2018,1212.35
8/9/2018,1215.5
8/10/2018,1211.65
8/13/2018,1204.4
8/14/2018,1195.3
8/15/2018,1186.7
8/16/2018,1179.65
8/17/2018,1176.7
8/20/2018,1188.75
8/21/2018,1194.1
8/22/2018,1196.85
8/23/2018,1187.3
8/24/2018,1189.95
8/27/2018,.
8/28/2018,1212.75
8/29/2018,1204.3
8/30/2018,1202.35
8/31/2018,1206.85
9/3/2018,1201.7
9/4/2018,1195.75
9/5/2018,1194.7
9/6/2018,1204.3
9/7/2018,1200.75
9/10/2018,1195.8
9/11/2018,1194
9/12/2018,1197.8
9/13/2018,1206.65
9/14/2018,1206.2
9/17/2018,1196.8
9/18/2018,1199.4
9/19/2018,1203
9/20/2018,1203
9/21/2018,1207.6
9/24/2018,1198.75
9/25/2018,1199.45
9/26/2018,1198.8
9/27/2018,1196
9/28/2018,1183.5
10/1/2018,1185.3
10/2/2018,1192.65
10/3/2018,1203.5
10/4/2018,1199.45
10/5/2018,1201.1
10/8/2018,1194.8
10/9/2018,1187.4
10/10/2018,1186.4
10/11/2018,1201.1
10/12/2018,1218.75
10/15/2018,1233
10/16/2018,1228.85
10/17/2018,1226.75
10/18/2018,1224.6
10/19/2018,1228.25
10/22/2018,1222.9
10/23/2018,1235.6
10/24/2018,1231.65
10/25/2018,1232.15
10/26/2018,1236.05
10/29/2018,1230.75
10/30/2018,1220
10/31/2018,1217.7
11/1/2018,1223.25
11/2/2018,1235.5
11/5/2018,1231.6
11/6/2018,1234.85
11/7/2018,1235.05
11/8/2018,1223.45
11/9/2018,1219.05
11/12/2018,1207.05
11/13/2018,1197.55
11/14/2018,1201.45
11/15/2018,1210.6
11/16/2018,1215.8
11/19/2018,1223.55
11/20/2018,1223.1
11/21/2018,1224
11/22/2018,1228.25
11/23/2018,1222.15
11/26/2018,1226.65
11/27/2018,1225.05
11/28/2018,1213.2
11/29/2018,1226.45
11/30/2018,1220.45
12/3/2018,1231.05
12/4/2018,1239.25
12/5/2018,1236.15
12/6/2018,1236.45
12/7/2018,1241.2
12/10/2018,1246.8
12/11/2018,1248.25
12/12/2018,1244.75
12/13/2018,1244.45
12/14/2018,1239.15
12/17/2018,1239.1
12/18/2018,1248.8
12/19/2018,1248.6
12/20/2018,1255
12/21/2018,1257.6
12/24/2018,1261.25
12/25/2018,.
12/26/2018,.
12/27/2018,1271.1
12/28/2018,1277.25
12/31/2018,1281.65
1/1/2019,.
1/2/2019,1287.2
1/3/2019,1287.95
1/4/2019,1290.35
1/7/2019,1291.5
1/8/2019,1283.9
1/9/2019,1281.3
1/10/2019,1292.4
1/11/2019,1292.8
1/14/2019,1293.7
1/15/2019,1289.35
1/16/2019,1290.5
1/17/2019,1294
1/18/2019,1285.05
1/21/2019,1278.7
1/22/2019,1284.75
1/23/2019,1284.9
1/24/2019,1279.75
1/25/2019,1282.95
1/28/2019,1301
1/29/2019,1308.35
1/30/2019,1312.95
1/31/2019,1322.5
2/1/2019,1320.75
2/4/2019,1311
2/5/2019,1314
2/6/2019,1313.35
2/7/2019,1306.6
2/8/2019,1311.1
2/11/2019,1306.75
2/12/2019,1311.6
2/13/2019,1311.15
2/14/2019,1305.65
2/15/2019,1318
2/18/2019,1323.95
2/19/2019,1329.55
2/20/2019,1345.75
2/21/2019,1335.05
2/22/2019,1322.25
2/25/2019,1329.15
2/26/2019,1327.55
2/27/2019,1326.45
2/28/2019,1325.45
3/1/2019,1309.95
3/4/2019,1287.45
3/5/2019,1285
3/6/2019,1285.55
3/7/2019,1286.4
3/8/2019,1294.1
3/11/2019,1296.35
3/12/2019,1296.95
3/13/2019,1308.4
3/14/2019,1299.2
3/15/2019,1302.65
3/18/2019,1305.35
3/19/2019,1308.35
3/20/2019,1303
3/21/2019,1317.3
3/22/2019,1311.1
3/25/2019,1319.35
3/26/2019,1315.25
3/27/2019,1318.25
3/28/2019,1306.9
3/29/2019,1291.15
4/1/2019,1291.9
4/2/2019,1287.2
4/3/2019,1291.85
4/4/2019,1291.6
4/5/2019,1288.9
4/8/2019,1297.1
4/9/2019,1301.85
4/10/2019,1304.8
4/11/2019,1304.65
4/12/2019,1296.15
4/15/2019,1286.75
4/16/2019,1283.75
4/17/2019,1276.1
4/18/2019,1276.5
4/19/2019,.
4/22/2019,.
4/23/2019,1273.45
4/24/2019,1273.8
4/25/2019,1277.85
4/26/2019,1281.5
4/29/2019,1282.15
4/30/2019,1285.15
5/1/2019,1281.8
5/2/2019,1271.45
5/3/2019,1270.05
5/6/2019,.
5/7/2019,1281.3
5/8/2019,1287.75
5/9/2019,1284.1
5/10/2019,1285.4
5/13/2019,1282.95
5/14/2019,1297.6
5/15/2019,1298.9
5/16/2019,1295.55
5/17/2019,1285.8
5/20/2019,1275.25
5/21/2019,1276
5/22/2019,1274
5/23/2019,1275.95
5/24/2019,1281.5
5/27/2019,.
5/28/2019,1283.9
5/29/2019,1283.5
5/30/2019,1276.45
5/31/2019,1296
6/3/2019,1313.95
6/4/2019,1323.6
6/5/2019,1337.75
6/6/2019,1336.65
6/7/2019,1334.3
6/10/2019,1328.6
6/11/2019,1322.65
6/12/2019,1336.65
6/13/2019,1335.8
6/14/2019,1352.45
6/17/2019,1333.2
6/18/2019,1344.55
6/19/2019,1342.4
6/20/2019,1381.65
6/21/2019,1388.35
6/24/2019,1405.45
6/25/2019,1429.55
6/26/2019,1406.75
6/27/2019,1402.25
6/28/2019,1413.2
7/1/2019,1390.05
7/2/2019,1393.1
7/3/2019,1425.1
7/4/2019,1415.25
7/5/2019,1414.4
7/8/2019,1404.9
7/9/2019,1387.9
7/10/2019,1395.45
7/11/2019,1423.1
7/12/2019,1405.6
7/15/2019,1416.25
7/16/2019,1416.1
7/17/2019,1400.8
7/18/2019,1420.9
7/19/2019,1437.05
7/22/2019,1424.45
7/23/2019,1417.55
7/24/2019,1425.55
7/25/2019,1426.35
7/26/2019,1418.25
7/29/2019,1418.95
7/30/2019,1428.45
7/31/2019,1430.55
8/1/2019,1406.4
8/2/2019,1436.05
8/5/2019,1457.45
8/6/2019,1461.85
8/7/2019,1487.65
8/8/2019,1497.4
8/9/2019,1503.5
8/12/2019,1501.95
8/13/2019,1527.2
8/14/2019,1500.35
8/15/2019,1517.65
8/16/2019,1509.05
8/19/2019,1499.35
8/20/2019,1502.65
8/21/2019,1499.65
8/22/2019,1498.7
8/23/2019,1495.5
8/26/2019,.
8/27/2019,1531.85
8/28/2019,1541.75
8/29/2019,1536.65
8/30/2019,1526.55
9/2/2019,1523.35
9/3/2019,1532.45
9/4/2019,1538.8
9/5/2019,1542.6
9/6/2019,1504.95
9/9/2019,1509.95
9/10/2019,1494.6
9/11/2019,1493.65
9/12/2019,1502.95
9/13/2019,1506.3
9/16/2019,1502.05
9/17/2019,1499.3
9/18/2019,1502.2
9/19/2019,1498.4
9/20/2019,1504.1
9/23/2019,1519.5
9/24/2019,1520.25
9/25/2019,1530.85
9/26/2019,1507.05
9/27/2019,1496.15
9/30/2019,1487.6
10/1/2019,1466.1
10/2/2019,1484.05
10/3/2019,1504
10/4/2019,1509.5
10/7/2019,1502.15
10/8/2019,1500
10/9/2019,1503.4
10/10/2019,1508.2
10/11/2019,1498.35
10/14/2019,1494.2
10/15/2019,1494.75
10/16/2019,1482.55
10/17/2019,1484.45
10/18/2019,.
10/21/2019,1490.85
10/22/2019,1487.45
10/23/2019,1494.25
10/24/2019,1488.85
10/25/2019,1504.65
10/28/2019,1505.05
10/29/2019,1492.75
10/30/2019,1490.15
10/31/2019,1506.4
11/1/2019,1509.85
11/4/2019,1509.2
11/5/2019,1504.6
11/6/2019,1488.55
11/7/2019,1484.1
11/8/2019,1466.85
11/11/2019,1465.5
11/12/2019,1455
11/13/2019,1463.45
11/14/2019,1467.65
11/15/2019,1465.6
11/18/2019,1458.4
11/19/2019,1464.9
11/20/2019,1475.7
11/21/2019,1468.9
11/22/2019,1471.3
11/25/2019,1459.45
11/26/2019,1457.65
11/27/2019,1459.8
11/28/2019,1457.55
11/29/2019,1456.35
12/2/2019,1457.5
12/3/2019,1470.4
12/4/2019,1475.85
12/5/2019,1474.6
12/6/2019,1474.85
12/9/2019,1463.6
12/10/2019,1464.45
12/11/2019,1468.05
12/12/2019,1474.7
12/13/2019,1470.6
12/16/2019,1477.4
12/17/2019,1478.4
12/18/2019,1478.9
12/19/2019,1474.4
12/20/2019,1476.9
12/23/2019,1483.95
12/24/2019,1490.85
12/25/2019,.
12/26/2019,.
12/27/2019,1510.6
12/30/2019,1511.5
12/31/2019,1523
1/1/2020,.
1/2/2020,1520.55
1/3/2020,1547.4
1/6/2020,1576.85
1/7/2020,1566.5
1/8/2020,1582.85
1/9/2020,1547.85
1/10/2020,1548.8
1/13/2020,1550.35
1/14/2020,1544.95
1/15/2020,1551.9
1/16/2020,1555.2
1/17/2020,1556.5
1/20/2020,1559.25
1/21/2020,1556.25
1/22/2020,1558.1
1/23/2020,1554.05
1/24/2020,1561.85
1/27/2020,1583.45
1/28/2020,1579.6
1/29/2020,1571.2
1/30/2020,1580.4
1/31/2020,1580.85
2/3/2020,1578.85
2/4/2020,1571.2
2/5/2020,1552.2
2/6/2020,1564.75
2/7/2020,.
2/10/2020,1574.05
2/11/2020,1567.7
2/12/2020,1566.75
2/13/2020,1575
2/14/2020,1576.35
2/17/2020,1580.3
2/18/2020,1588.2
2/19/2020,1609.5
2/20/2020,1610.35
2/21/2020,1633.7
2/24/2020,1682.35
2/25/2020,1655.9
2/26/2020,1647.95
2/27/2020,1646.6
2/28/2020,1626.35
3/2/2020,1609.7
3/3/2020,1599.05
3/4/2020,1644.8
3/5/2020,1647.45
3/6/2020,1687
3/9/2020,1676.6
3/10/2020,1657.4
3/11/2020,1662.5
3/12/2020,1636.65
3/13/2020,1588.15
3/16/2020,1504.65
3/17/2020,1472.35
3/18/2020,1506
3/19/2020,1480.7
3/20/2020,1504.45
3/23/2020,1494.5
3/24/2020,1599.5
3/25/2020,1620.95
3/26/2020,1620.1
3/27/2020,1621.2
3/30/2020,1624.45
3/31/2020,1604.65
4/1/2020,1594.25
4/2/2020,1588.05
4/3/2020,1609.75
4/6/2020,1636.6
