Date,High,Low,SPY Close
1/2/2014,184.0700073,182.4799957,161.6335754
1/3/2014,183.6000061,182.6300049,161.6070404
1/6/2014,183.5599976,182.0800018,161.1387024
1/7/2014,183.7899933,182.9499969,162.1283875
1/8/2014,183.8300018,182.8899994,162.1637878
1/9/2014,184.1300049,182.8000031,162.2697754
1/10/2014,184.2200012,183.0099945,162.7115784
1/13/2014,184.1799927,181.3399963,160.5466919
1/14/2014,183.7700043,181.9499969,162.2962952
1/15/2014,184.9400024,183.7100067,163.1710663
1/16/2014,184.6600037,183.8300018,162.9589844
1/17/2014,184.4499969,183.3200073,162.2697754
1/21/2014,184.7700043,183.0500031,162.7469482
1/22/2014,184.5700073,183.9100037,162.8529816
1/23/2014,183.3999939,181.8200073,161.5187225
1/24/2014,181.6600037,178.8300018,158.0725708
1/27/2014,179.5200043,177.1199951,157.2949219
1/28/2014,179.3000031,178.1199951,158.2315826
1/29/2014,178.5500031,176.8800049,156.7117462
1/30/2014,179.8099976,178.2599945,158.3730011
1/31/2014,179.2899933,176.9199982,157.4451294
2/3/2014,178.3699951,173.8300018,153.9018097
2/4/2014,175.8399963,174.1100006,154.9797821
2/5/2014,175.5599976,173.7100067,154.7854309
2/6/2014,177.4799957,175.2200012,156.8265991
2/7/2014,179.8699951,177.7299957,158.7706146
2/10/2014,180.0700073,179.2100067,159.0621796
2/11/2014,182.4400024,180.0399933,160.8029633
2/12/2014,182.8300018,181.7100067,160.8824921
2/13/2014,183.1999969,180.8300018,161.7130585
2/14/2014,184.3600006,182.6699982,162.6055756
2/18/2014,184.4900055,183.6499939,162.7999573
2/19/2014,184.9499969,182.8699951,161.7219543
2/20/2014,184.5200043,182.6000061,162.676239
2/21/2014,184.8899994,183.8000031,162.4906921
2/24/2014,186.1499939,184.1999969,163.3920135
2/25/2014,185.5899963,184.2299957,163.3301392
2/26/2014,185.6000061,184.3300018,163.3389893
2/27/2014,185.8699951,184.3699951,164.1960907
2/28/2014,187.1499939,185.0500031,164.6113739
3/3/2014,185.4499969,183.75,163.4537811
3/4/2014,187.9799957,186.75,165.7513123
3/5/2014,188.0700073,187.4499969,165.9014893
3/6/2014,188.6100006,187.7799988,166.2814636
3/7/2014,188.9600067,187.4299927,166.3521423
3/10/2014,188.2299957,187.0800018,166.2637787
3/11/2014,188.7100067,186.8000031,165.4419556
3/12/2014,187.3500061,185.8999939,165.4861603
3/13/2014,187.9900055,184.6600037,163.6305542
3/14/2014,185.8000031,184.4400024,163.1710663
3/17/2014,186.7700043,185.5099945,164.6467133
3/18/2014,187.9100037,186.5099945,165.8219604
3/19/2014,187.9400024,185.4700012,164.9383087
3/20/2014,187.8899994,185.9199982,165.9014893
3/21/2014,189.0200043,186.0299988,165.2580566
3/24/2014,187.0700073,184.6199951,164.5746155
3/25/2014,186.9400024,185.2700043,165.3556519
3/26/2014,187.3399963,184.9199982,164.1663666
3/27/2014,185.3399963,183.8999939,163.8202667
3/28/2014,186.4199982,185,164.6278992
3/31/2014,187.3000031,185.5200043,165.9769745
4/1/2014,188.3600006,187,167.0774536
4/2/2014,189.1300049,188.1399994,167.6366272
4/3/2014,189.2200012,188.0500031,167.4147186
4/4/2014,189.6999969,186.1000061,165.4355316
4/7/2014,186.2599945,183.9600067,163.6072235
4/8/2014,185.3999939,183.5899963,164.2817993
4/9/2014,187.1499939,185.0599976,166.0479431
4/10/2014,187.1699982,182.9299927,162.5599365
4/11/2014,183.4199982,181.3099976,161.0955505
4/14/2014,183.3699951,181.4400024,162.3646545
4/15/2014,184.3300018,181.5099945,163.4829712
4/16/2014,186.1399994,184.6499939,165.1959076
4/17/2014,186.9100037,185.5599976,165.426651
4/21/2014,187.1000061,186.2100067,166.0035553
4/22/2014,188.3999939,187.1300049,166.7579651
4/23/2014,187.9199982,187.3000031,166.3674164
4/24/2014,188.3899994,186.9299927,166.7046967
4/25/2014,187.3300018,185.8699951,165.3379059
4/28/2014,187.6900024,184.9600067,165.8615723
4/29/2014,188.0399933,187.0800018,166.633667
4/30/2014,188.5,187.1799927,167.1307678
5/1/2014,188.8399963,187.7299957,167.1484833
5/2/2014,189.1399994,187.7799988,166.9088135
5/5/2014,188.5500031,186.6199951,167.2283478
5/6/2014,188.1300049,186.7400055,165.7728119
5/7/2014,187.9700012,186.0099945,166.7490692
5/8/2014,189.0500031,187.0800018,166.5716095
5/9/2014,188.0399933,186.8300018,166.8200531
5/12/2014,189.8800049,188,168.4442596
5/13/2014,190.4199982,189.7700043,168.5951843
5/14/2014,189.8800049,188.7899933,167.7963562
5/15/2014,188.7200012,186.4799957,166.3230743
5/16/2014,188.1300049,186.7200012,166.8999786
5/19/2014,188.8899994,187.5200043,167.5123749
5/20/2014,188.6699982,187.0700073,166.4562073
5/21/2014,189.2200012,188.0599976,167.8585052
5/22/2014,189.9799957,188.8600006,168.2667542
5/23/2014,190.4799957,189.5899963,168.9412384
5/27/2014,191.5800018,190.9499969,169.97966
5/28/2014,191.8200073,191.0599976,169.8554535
5/29/2014,192.3999939,191.3300018,170.7340698
5/30/2014,192.8000031,192.0299988,171.0091858
6/2/2014,192.9900055,191.9700012,171.2044678
6/3/2014,192.8999939,192.25,171.1157379
6/4/2014,193.3000031,192.2700043,171.4618683
6/5/2014,194.6499939,192.6999969,172.5801239
6/6/2014,195.4299927,194.7799988,173.4055481
6/9/2014,196.0500031,195.1699982,173.5830536
6/10/2014,195.6399994,194.9199982,173.6008301
6/11/2014,195.1199951,194.4799957,172.9973145
6/12/2014,194.8000031,193.1100006,171.772522
6/13/2014,194.3200073,193.3000031,172.2961426
6/16/2014,194.6999969,193.6600037,172.4381714
6/17/2014,194.9700012,193.8099976,172.91745
6/18/2014,196.3699951,194.3999939,174.1865997
6/19/2014,196.6000061,195.8000031,174.3818359
6/20/2014,196.1000061,195.6999969,174.7358551
6/23/2014,196.0500031,195.5200043,174.6824036
6/24/2014,196.5,194.4799957,173.6300659
6/25/2014,195.7799988,194.25,174.4148254
6/26/2014,195.6300049,194.1300049,174.289978
6/27/2014,195.8800049,194.8899994,174.6288605
6/30/2014,196.1699982,195.5299988,174.5397034
7/1/2014,197.6300049,196.1300049,175.7079315
7/2/2014,197.4799957,196.9600067,175.8862305
7/3/2014,198.2899933,197.6399994,176.7513123
7/7/2014,197.9799957,197.2200012,176.1359406
7/8/2014,197.2200012,195.7599945,175.0034332
7/9/2014,197.3000031,196.3099976,175.7881622
7/10/2014,196.8600006,195.0599976,175.0925598
7/11/2014,196.75,195.7799988,175.333374
7/14/2014,197.8600006,197.4400024,176.2162628
7/15/2014,198.1000061,196.3600006,175.8862305
7/16/2014,198.2599945,197.4199982,176.5372772
7/17/2014,198.1000061,195.4299927,174.5307617
7/18/2014,197.9100037,196.2400055,176.3143311
7/21/2014,197.5,196.4299927,175.9843445
7/22/2014,198.5599976,197.8699951,176.7513123
7/23/2014,198.8500061,198.1000061,177.1436615
7/24/2014,199.0599976,198.4499969,177.1526337
7/25/2014,198.2599945,197.3300018,176.3232117
7/28/2014,198.0899963,196.6199951,176.394577
7/29/2014,198.4499969,196.9199982,175.6365662
7/30/2014,197.9100037,196.1600037,175.6633453
7/31/2014,195.7799988,192.9700012,172.1943054
8/1/2014,193.7599945,191.5700073,171.6681519
8/4/2014,194.3000031,192.0500031,172.9076996
8/5/2014,193.6000061,191.3099976,171.2311554
8/6/2014,192.8899994,191.0800018,171.2846832
8/7/2014,193.1300049,190.5500031,170.3572083
8/8/2014,193.3699951,190.9499969,172.3280487
8/11/2014,194.6600037,193.7100067,172.8274384
8/12/2014,194.1499939,192.9400024,172.5866547
8/13/2014,195.0599976,193.9600067,173.7549286
8/14/2014,195.7599945,194.9799957,174.5753479
8/15/2014,196.6499939,194.3099976,174.5397034
8/18/2014,197.4499969,196.6900024,176.002243
8/19/2014,198.5399933,197.4400024,176.9207153
8/20/2014,199.1600037,198.0800018,177.3933716
8/21/2014,199.7599945,198.9299927,177.9106293
8/22/2014,199.6900024,198.7400055,177.6341705
8/25/2014,200.5899963,199.1499939,178.5348206
8/26/2014,200.8200073,200.2799988,178.6507568
8/27/2014,200.5700073,199.9400024,178.579422
8/28/2014,200.2700043,199.3899994,178.481369
8/29/2014,200.7299957,199.8200073,178.9896393
9/2/2014,201,199.8600006,178.9004822
9/3/2014,201.4100037,200.2200012,178.8024139
9/4/2014,201.5800018,199.6600037,178.5438232
9/5/2014,201.1900024,199.4100037,179.3463593
9/8/2014,201.2100067,200,178.8826599
9/9/2014,200.5500031,198.9100037,177.7501373
9/10/2014,200.1999969,198.7700043,178.4189301
9/11/2014,200.3300018,199.1199951,178.6240387
9/12/2014,200.1199951,198.5599976,177.580658
9/15/2014,199.3200073,198.3800049,177.4469147
9/16/2014,200.8399963,198.5,178.7845306
9/17/2014,201.6799927,199.75,179.0253448
9/18/2014,201.8500061,201.1000061,179.9795685
9/19/2014,201.8999939,200.2899933,179.8173523
9/22/2014,200.3800049,198.7299957,178.4286346
9/23/2014,199.2599945,197.9499969,177.4072876
9/24/2014,199.6900024,197.5200043,178.79599
9/25/2014,199.0500031,196.2700043,175.9110107
9/26/2014,198.3899994,196.4199982,177.3087006
9/29/2014,197.8899994,196.0500031,176.9861755
9/30/2014,198.3000031,196.6100006,176.5203247
10/1/2014,196.7700043,193.9100037,174.128067
10/2/2014,195.0599976,192.3500061,174.1549835
10/3/2014,196.9400024,195.0800018,176.0723267
10/6/2014,197.6000061,195.5800018,175.8662415
10/7/2014,195.7200012,193.2200012,173.1515198
10/8/2014,196.9199982,192.3600006,176.1798096
10/9/2014,196.6000061,192.5800018,172.6856537
10/10/2014,193.6499939,190.4900055,170.7145386
10/13/2014,191.1499939,187.3000031,167.9102173
10/14/2014,189.8200073,187.0399933,168.1700592
10/15/2014,187.6900024,181.9199982,167.0321503
10/16/2014,187.5800018,182.8899994,166.8888092
10/17/2014,189.75,187.6199951,168.8599091
10/20/2014,190.4499969,188.0700073,170.4994965
10/21/2014,194.1999969,191.4799957,173.8772583
10/22/2014,194.9100037,192.6100006,172.6408234
10/23/2014,196.1999969,194.2599945,174.6477203
10/24/2014,196.4900055,194.4900055,175.9916687
10/27/2014,196.4499969,195.0299988,175.7497711
10/28/2014,198.4199982,196.7299957,177.7656555
10/29/2014,199.1199951,196.8000031,177.4968719
10/30/2014,199.9499969,197.3999939,178.6347351
10/31/2014,201.8200073,200.7700043,180.6774597
11/3/2014,202.4499969,201.3099976,180.776062
11/4/2014,201.6000061,200.0599976,180.1488647
11/5/2014,202.5899963,201.4499969,181.2867432
11/6/2014,203.2599945,201.6399994,182.0124664
11/7/2014,203.6000061,202.6100006,182.1827087
11/10/2014,204.0399933,203.1300049,182.7560883
11/11/2014,204.3099976,203.6499939,182.935318
11/12/2014,204.2400055,203.3099976,182.738205
11/13/2014,204.8300018,203.2100067,182.9443054
11/14/2014,204.4900055,203.7200012,182.9890594
11/17/2014,204.5800018,203.6499939,183.1055145
11/18/2014,205.9199982,204.4400024,184.1627502
11/19/2014,205.5500031,204.3000031,183.8670959
11/20/2014,205.7100067,204.1799927,184.1896057
11/21/2014,207.8399963,205.9799957,185.1751556
11/24/2014,207.3899994,206.9100037,185.6948242
11/25/2014,207.7899933,206.8000031,185.5604706
11/26/2014,207.7599945,207.0299988,186.0352783
11/28/2014,207.8699951,206.9100037,185.6410675
12/1/2014,206.5399933,205.3800049,184.3508759
12/2/2014,207.3399963,205.7799988,185.5425262
12/3/2014,208.1499939,207.1000061,186.2592926
12/4/2014,208.2700043,206.6999969,186.0532227
12/5/2014,208.4700012,207.5500031,186.3578339
12/8/2014,208.1199951,205.9299927,185.1124573
12/9/2014,206.6000061,203.9100037,184.98703
12/10/2014,205.9799957,202.9299927,182.0214081
12/11/2014,206.1900024,203.7100067,182.9443054
12/12/2014,203.8200073,200.8500061,179.9876251
12/15/2014,202.5299988,198.7799988,178.7511902
12/16/2014,202.3999939,197.8600006,177.3176727
12/17/2014,202.3399963,198.2899933,180.7939911
12/18/2014,212.9700012,203.9199982,185.2647705
12/19/2014,207.3300018,205.6100006,186.0530701
12/22/2014,207.4700012,206.4600067,186.9089203
12/23/2014,208.2299957,207.3999939,187.1611481
12/24/2014,208.3399963,207.7200012,187.1791687
12/26/2014,208.8500061,208.25,187.7827759
12/29/2014,208.9700012,208.1399994,188.0350494
12/30/2014,208.3699951,207.5099945,187.0260315
12/31/2014,208.1900024,205.3899994,185.170166
1/2/2015,206.8800049,204.1799927,185.0710754
1/5/2015,204.3699951,201.3500061,181.7287445
1/6/2015,202.7200012,198.8600006,180.0170898
1/7/2015,202.7200012,200.8800049,182.2602692
1/8/2015,206.1600037,203.9900055,185.4944916
1/9/2015,206.4199982,203.5099945,184.0080109
1/12/2015,204.6000061,201.9199982,182.5665588
1/13/2015,205.4799957,200.5099945,182.0530548
1/14/2015,201.1000061,198.5700073,180.9539642
1/15/2015,202.0099945,198.8800049,179.2963562
1/16/2015,201.8200073,198.5500031,181.6476746
1/20/2015,202.7200012,200.1699982,182.0350647
1/21/2015,203.6600037,200.9400024,182.95401
1/22/2015,206.2599945,202.3300018,185.6746521
1/23/2015,206.1000061,204.8099976,184.6566467
1/26/2015,205.5599976,203.8500061,185.0890961
1/27/2015,204.1199951,201.7400055,182.647644
1/28/2015,204.2899933,199.9100037,180.3052979
1/29/2015,202.3000031,198.6799927,181.9719849
1/30/2015,202.1699982,199.1300049,179.6837158
2/2/2015,202.0299988,197.8600006,181.9089203
2/3/2015,204.8500061,202.5500031,184.5395355
2/4/2015,205.3800049,203.5099945,183.8368683
2/5/2015,206.3000031,204.7700043,185.6927032
2/6/2015,207.2400055,204.9199982,185.179184
2/9/2015,205.6399994,204.1399994,184.3503876
2/10/2015,207.1199951,204.6799927,186.3142853
2/11/2015,207.4499969,205.8300018,186.4223938
2/12/2015,208.9900055,206.9700012,188.2151794
2/13/2015,209.8399963,208.7599945,188.989975
2/17/2015,210.3200073,209.1000061,189.2872925
2/18/2015,210.2200012,209.3399963,189.3052826
2/19/2015,210.4199982,209.2400055,189.1701813
2/20/2015,211.3300018,208.7299957,190.3052826
2/23/2015,211.2100067,210.4799957,190.2782593
2/24/2015,212.0500031,210.7599945,190.8187714
2/25/2015,212.2400055,211.2200012,190.6566467
2/26/2015,211.7100067,210.6499939,190.4314423
2/27/2015,211.5800018,210.6000061,189.7827606
3/2/2015,212.0599976,210.7200012,190.9809875
3/3/2015,212.0500031,210.0800018,190.1971588
3/4/2015,210.4900055,209.0599976,189.3953552
3/5/2015,210.8000031,209.8500061,189.6025543
3/6/2015,209.9400024,207.1000061,186.9359436
3/9/2015,208.7899933,207.5500031,187.7106781
3/10/2015,206.8099976,204.9299927,184.6657104
3/11/2015,205.5,204.3999939,184.2332458
3/12/2015,207.1799927,205.1999969,186.5755463
3/13/2015,207.9299927,204.5800018,185.4314423
3/16/2015,208.6900024,205.8600006,187.9088745
3/17/2015,208.4199982,206.9799957,187.3503265
3/18/2015,211.2700043,206.6199951,189.6025543
3/19/2015,210.4700012,209.0299988,188.7377319
3/20/2015,211.0200043,209.4900055,190.4036865
3/23/2015,211.1100006,210,190.0326996
3/24/2015,210.3999939,208.7400055,188.9648743
3/25/2015,209.3500061,205.7100067,186.1958313
3/26/2015,206.3699951,204.1199951,185.7524261
3/27/2015,205.9499969,204.8999939,186.1776886
3/30/2015,208.6100006,206.9600067,188.4490356
3/31/2015,208.1000061,206.3600006,186.802124
4/1/2015,206.4199982,204.5099945,186.1415405
4/2/2015,206.9799957,205.3999939,186.8111877
4/6/2015,208.4499969,205.2100067,188.0690002
4/7/2015,208.7599945,207.2400055,187.5712738
4/8/2015,208.5099945,207.0800018,188.2047119
4/9/2015,209.1799927,207.1900024,189.037262
4/10/2015,210.0899963,208.9600067,190.0688324
4/13/2015,210.6300049,209.0299988,189.2092133
4/14/2015,209.7100067,208.1000061,189.5711212
4/15/2015,211.0399933,209.9499969,190.4217377
4/16/2015,210.9799957,209.7899933,190.3674774
4/17/2015,209.2299957,207.0099945,188.1775513
4/20/2015,210.25,208.9600067,189.8969116
4/21/2015,210.8600006,209.2400055,189.6707153
4/22/2015,210.8500061,208.8999939,190.6027679
4/23/2015,211.9400024,210.0099945,191.0823669
4/24/2015,211.9700012,211.1100006,191.5257721
4/27/2015,212.4799957,210.5399933,190.7294312
4/28/2015,211.5,209.3300018,191.3357697
4/29/2015,211.2899933,209.6000061,190.5484772
4/30/2015,210.3500061,207.6199951,188.6390686
5/1/2015,210.7700043,209.2799988,190.6841888
5/4/2015,212.0200043,211.1000061,191.2271423
5/5/2015,211.4600067,208.7299957,189.037262
5/6/2015,209.9299927,206.7599945,188.2590179
5/7/2015,209.3800049,207.5200043,189.0101166
5/8/2015,211.8600006,210.7799988,191.498642
5/11/2015,211.8899994,210.5200043,190.584671
5/12/2015,210.6300049,208.6199951,190.0145721
5/13/2015,211.2200012,209.7400055,190.050766
5/14/2015,212.3200073,210.9100037,192.0325317
5/15/2015,212.6100006,211.8600006,192.2406616
5/18/2015,213.3999939,212.1600037,192.8379211
5/19/2015,213.5700073,212.6900024,192.7745667
5/20/2015,213.7799988,212.5,192.6388245
5/21/2015,213.75,212.5099945,193.1998444
5/22/2015,213.5399933,212.9100037,192.7383881
5/26/2015,212.9100037,210.1999969,190.6660919
5/27/2015,212.9799957,210.7599945,192.4759369
5/28/2015,212.5899963,211.6300049,192.2588043
5/29/2015,212.4299927,210.8200073,191.0642853
6/1/2015,212.3399963,210.6199951,191.4534149
6/2/2015,212.1900024,210.2700043,191.2633362
6/3/2015,212.6699982,211.3300018,191.7700958
6/4/2015,211.8600006,209.75,190.1503143
6/5/2015,210.5800018,208.9799957,189.8245239
6/8/2015,209.8200073,208.3899994,188.6572113
6/9/2015,209.1000061,207.6900024,188.6299744
6/10/2015,211.4100037,209.3000031,190.892334
6/11/2015,212.0899963,211.1999969,191.5076752
6/12/2015,211.4799957,209.6799927,190.0417328
6/15/2015,209.4499969,207.7899933,189.2272797
6/16/2015,210.3500061,208.7200012,190.2588959
6/17/2015,211.3200073,209.3600006,190.5665588
6/18/2015,213.3399963,210.6300049,192.5483398
6/19/2015,211.5500031,210.3600006,191.6935577
6/22/2015,212.5899963,211.6399994,192.6756439
6/23/2015,212.4400024,211.5700073,192.8120575
6/24/2015,212.1699982,210.4700012,191.4116821
6/25/2015,211.25,209.7700043,190.8297272
6/26/2015,210.5800018,209.1600037,190.7933197
6/29/2015,209.8300018,205.3300018,186.7923737
6/30/2015,207.3200073,205.2799988,187.1833649
7/1/2015,208.0299988,206.5599976,188.6837006
7/2/2015,208.2700043,206.8099976,188.5109406
7/6/2015,207.6499939,205.5299988,187.9744873
7/7/2015,208.1699982,204.1100006,189.156601
7/8/2015,206.7599945,204.25,185.9830322
7/9/2015,207.3500061,204.7700043,186.3195038
7/10/2015,207.9799957,204.9499969,188.6655273
7/13/2015,209.8999939,208.9400024,190.747879
7/14/2015,211.0500031,209.6499939,191.5753784
7/15/2015,211.2799988,210.0399933,191.5117188
7/16/2015,212.3000031,211.5800018,193.0484619
7/17/2015,212.5500031,211.8000031,193.2121582
7/20/2015,213.1799927,212.2100067,193.312149
7/21/2015,212.7400055,211.3899994,192.5483398
7/22/2015,211.7700043,210.8899994,192.202774
7/23/2015,211.6499939,209.75,191.120697
7/24/2015,210.3699951,207.6000061,189.1384277
7/27/2015,207.5500031,206.2599945,188.0380707
7/28/2015,209.5,206.8000031,190.3477936
7/29/2015,211.0399933,209.3099976,191.6571808
7/30/2015,211.0200043,209.4199982,191.7026978
7/31/2015,211.4499969,210.1600037,191.4116821
8/3/2015,210.5299988,208.6499939,190.7660522
8/4/2015,210.25,208.8000031,190.3932953
8/5/2015,211.3099976,209.7299957,191.0206757
8/6/2015,210.4199982,207.6499939,189.456665
8/7/2015,208.3399963,206.8699951,189.0928955
8/10/2015,210.6699982,209.2799988,191.4753418
8/11/2015,209.4700012,207.7599945,189.7476654
8/12/2015,209.1399994,205.3600006,189.9749451
8/13/2015,209.5500031,208.0099945,189.7385254
8/14/2015,209.5099945,208.2599945,190.4296265
8/17/2015,210.5899963,208.1600037,191.493515
8/18/2015,210.6799927,209.6999969,190.9388428
8/19/2015,210.0099945,207.3500061,189.4293671
8/20/2015,208.2899933,203.8999939,185.4738617
8/21/2015,203.9400024,197.5200043,179.8905792
8/24/2015,197.4799957,182.3999939,172.3159637
8/25/2015,195.4499969,186.9199982,170.2882385
8/26/2015,194.7899933,188.3699951,176.8262177
8/27/2015,199.4199982,195.2100067,181.200058
8/28/2015,199.8399963,197.9199982,181.209137
8/31/2015,199.1300049,197.0099945,179.7451172
9/1/2015,194.7700043,190.7299957,174.380127
9/2/2015,195.4600067,192.4199982,177.6900787
9/3/2015,198.0500031,194.9600067,177.8173676
9/4/2015,193.8600006,191.6100006,175.1257935
9/8/2015,197.6100006,195.1699982,179.526886
9/9/2015,199.4700012,194.3500061,177.1263123
9/10/2015,197.2200012,194.25,178.0901489
9/11/2015,196.8200073,194.5299988,178.8994751
9/14/2015,197.0099945,195.4299927,178.2356567
9/15/2015,198.9900055,195.9600067,180.4634857
9/16/2015,200.4100037,198.4100037,182.0274811
9/17/2015,202.8899994,199.2799988,181.6182861
9/18/2015,198.6799927,194.9600067,178.6504211
9/21/2015,197.6799927,195.2100067,179.5736237
9/22/2015,194.4600067,192.5599976,177.2427826
9/23/2015,194.6699982,192.9100037,176.9593964
9/24/2015,193.4499969,190.5599976,176.3195343
9/25/2015,195,191.8099976,176.2738953
9/28/2015,191.9100037,187.6399994,171.849884
9/29/2015,189.7400055,186.9299927,171.9504242
9/30/2015,191.8300018,189.4400024,175.1587524
10/1/2015,192.4900055,189.8200073,175.615799
10/2/2015,195.0299988,189.1199951,178.2391052
10/5/2015,198.7400055,196.3300018,181.4108429
10/6/2015,198.9799957,197,180.7893219
10/7/2015,199.8300018,197.4799957,182.2700195
10/8/2015,201.5500031,198.5899963,183.915329
10/9/2015,201.8999939,200.5800018,184.0249786
10/12/2015,201.7599945,200.9100037,184.1986542
10/13/2015,202.1600037,200.0500031,183.0378571
10/14/2015,200.8699951,198.9400024,182.1603394
10/15/2015,202.3600006,199.6399994,184.9573059
10/16/2015,203.2899933,201.9199982,185.7982483
10/19/2015,203.3699951,202.1300049,185.8896637
10/20/2015,203.8399963,202.5500031,185.6520233
10/21/2015,203.7899933,201.6499939,184.5002899
10/22/2015,205.5099945,201.8500061,187.617218
10/23/2015,207.9499969,206.3000031,189.6737823
10/26/2015,207.3699951,206.5599976,189.2076569
10/27/2015,207,205.7899933,188.8420258
10/28/2015,208.9799957,206.2100067,190.990036
10/29/2015,209.2700043,208.2100067,190.8803406
10/30/2015,209.4400024,207.7400055,190.0576935
11/2/2015,210.6199951,208.1699982,192.3062897
11/3/2015,211.6600037,209.6999969,192.8638153
11/4/2015,211.5,209.7200012,192.2788391
11/5/2015,210.9799957,209.0899963,192.0868835
11/6/2015,210.3200073,208.4600067,191.9863281
11/9/2015,209.4900055,206.9499969,190.1947937
11/10/2015,208.6000061,207.1900024,190.6335602
11/11/2015,208.9400024,207.6600037,189.8840637
11/12/2015,207.0599976,204.8200073,187.2332764
11/13/2015,204.6699982,202.4400024,185.1309814
11/16/2015,205.6900024,202.1799927,187.9462585
11/17/2015,207.0399933,204.8800049,187.8091431
11/18/2015,208.8999939,205.9900055,190.7889252
11/19/2015,209.0500031,208.1999969,190.6244202
11/20/2015,210.1199951,208.8600006,191.3190765
11/23/2015,209.9799957,208.5200043,191.0997314
11/24/2015,209.8300018,207.4100037,191.3556213
11/25/2015,209.7400055,209.0099945,191.3282471
11/27/2015,209.8000031,208.8600006,191.5475922
11/30/2015,209.8899994,208.5599976,190.7523499
12/1/2015,210.8200073,209.1100006,192.5713348
12/2/2015,211,208.2299957,190.6061249
12/3/2015,209.1499939,204.75,187.9371185
12/4/2015,209.9700012,205.6100006,191.6024323
12/7/2015,209.7299957,207.1999969,190.4416046
12/8/2015,208.2899933,205.7799988,189.1619263
12/9/2015,208.6799927,204.1799927,187.6903076
12/10/2015,207.4299927,205.1399994,188.1747589
12/11/2015,204.1399994,201.5099945,184.5277252
12/14/2015,203.0500031,199.9499969,185.4600372
12/15/2015,206.1100006,202.8699951,187.4070129
12/16/2015,208.3899994,204.8000031,190.1491394
12/17/2015,208.4799957,204.8399963,187.2515717
12/18/2015,202.9299927,199.8300018,183.9157104
12/21/2015,201.8800049,200.0899963,185.4328156
12/22/2015,203.8500061,201.5500031,187.1155243
12/23/2015,206.0700073,204.5800018,189.4326019
12/24/2015,206.3300018,205.4199982,189.1199799
12/28/2015,205.2599945,203.9400024,188.6878204
12/29/2015,207.7899933,206.4700012,190.7014923
12/30/2015,207.2100067,205.7599945,189.3498383
12/31/2015,205.8899994,203.8699951,187.455719
1/4/2016,201.0299988,198.5899963,184.8351746
1/5/2016,201.8999939,200.0500031,185.1477814
1/6/2016,200.0599976,197.6000061,182.8122864
1/7/2016,197.4400024,193.5899963,178.4263306
1/8/2016,195.8500061,191.5800018,176.4678497
1/11/2016,193.4100037,189.8200073,176.6425323
1/12/2016,194.5500031,191.1399994,178.0677643
1/13/2016,194.8600006,188.3800049,173.6266174
1/14/2016,193.2599945,187.6600037,176.4770203
1/15/2016,188.7599945,185.5200043,172.6887512
1/19/2016,190.1100006,186.1999969,172.9186401
1/20/2016,187.5,181.0200043,170.7026672
1/21/2016,188.8699951,184.6399994,171.6589508
1/22/2016,190.7599945,188.8800049,175.1805573
1/25/2016,190.1499939,187.4100037,172.5324097
1/26/2016,190.5299988,188.0200043,174.886322
1/27/2016,191.5599976,187.0599976,172.9829712
1/28/2016,190.1999969,187.1600037,173.884079
1/29/2016,193.8800049,189.8800049,178.1229248
2/1/2016,194.5800018,191.8399963,178.0585632
2/2/2016,191.9700012,189.5399933,174.8495178
2/3/2016,191.7799988,187.1000061,175.8977814
2/4/2016,192.75,189.9600067,176.1735992
2/5/2016,191.6699982,187.1999969,172.8174896
2/8/2016,186.1199951,182.8000031,170.4911804
2/9/2016,186.9400024,183.1999969,170.5003967
2/10/2016,188.3399963,185.1199951,170.3532562
2/11/2016,184.1000061,181.0899963,168.1373138
2/12/2016,186.6499939,183.9600067,171.603775
2/16/2016,189.8099976,187.6300049,174.5001221
2/17/2016,193.3200073,191.0099945,177.3505402
2/18/2016,193.2700043,191.7200012,176.6241455
2/19/2016,192.1799927,190.4499969,176.5413971
2/22/2016,194.9499969,193.7899933,179.0975952
2/23/2016,194.3200073,192.1799927,176.8356628
2/24/2016,193.5299988,189.3200073,177.6447906
2/25/2016,195.5500031,192.8300018,179.796402
2/26/2016,196.6799927,194.8999939,179.3825989
2/29/2016,196.2299957,193.3300018,177.9757996
3/1/2016,198.2100067,194.4499969,182.1594543
3/2/2016,199.0599976,197.25,182.977829
3/3/2016,199.8000031,198.1100006,183.6950226
3/4/2016,201.3500061,199.0299988,184.2926941
3/7/2016,201.0700073,199.25,184.4398193
3/8/2016,199.9199982,198.2100067,182.4261475
3/9/2016,199.7899933,198.4299927,183.3272095
3/10/2016,201.0700073,197.3800049,183.4743195
3/11/2016,202.8099976,199.5200043,186.4350891
3/14/2016,203.0399933,201.7700043,186.1960297
3/15/2016,202.5299988,201.0500031,185.8925934
3/16/2016,203.8200073,201.5500031,186.9683533
3/17/2016,205.2299957,202.7700043,188.1545258
3/18/2016,204.7799988,203.8000031,188.8939056
3/21/2016,204.9400024,203.8000031,189.161911
3/22/2016,205.2299957,203.5700073,189.0602264
3/23/2016,204.3300018,203.0099945,187.8125305
3/24/2016,203.1600037,201.7400055,187.7293854
3/28/2016,203.8600006,202.7100067,187.840271
3/29/2016,205.25,202.3999939,189.5778046
3/30/2016,206.8699951,205.5899963,190.4096222
3/31/2016,206.4100037,205.3300018,189.9475098
4/1/2016,207.1399994,203.9799957,191.2414398
4/4/2016,207.0700073,205.8899994,190.6222076
4/5/2016,206.2599945,203.8899994,188.718277
4/6/2016,206.4900055,203.9799957,190.7793121
4/7/2016,205.5599976,203.0899963,188.4965057
4/8/2016,205.8500061,203.8699951,189.0047913
4/11/2016,206.0700073,203.9100037,188.5611725
4/12/2016,206.25,203.6999969,190.3171997
4/13/2016,208.1000061,206.8399963,192.2396393
4/14/2016,208.6000061,207.6000061,192.2488556
4/15/2016,208.1699982,207.3999939,192.0362396
4/18/2016,209.2799988,207,193.3856506
4/19/2016,210.1999969,208.9400024,193.9956512
4/20/2016,210.9199982,209.3899994,194.1804962
4/21/2016,210.25,208.6499939,193.1361084
4/22/2016,209.2899933,207.9100037,193.1361084
4/25/2016,208.6600037,207.5399933,192.8033752
4/26/2016,209.5200043,208.3600006,193.0899048
4/27/2016,209.8099976,208.0500031,193.4873047
4/28/2016,209.7599945,206.9600067,191.7312317
4/29/2016,207.1300049,205.0299988,190.6961517
5/2/2016,208.1799927,206.4100037,192.2118835
5/3/2016,206.8000031,205.2799988,190.5390167
5/4/2016,205.8500061,204.4199982,189.476181
5/5/2016,205.9799957,204.4700012,189.439209
5/6/2016,205.7700043,203.8800049,190.13237
5/9/2016,206.3999939,205.3600006,190.289505
5/10/2016,208.4700012,206.6399994,192.6555023
5/11/2016,208.5399933,206.5,190.853241
5/12/2016,207.4900055,205.3699951,190.9086914
5/13/2016,206.8600006,204.3800049,189.2450867
5/16/2016,207.3399963,204.8899994,191.1120453
5/17/2016,206.8000031,204.2299957,189.3283081
5/18/2016,206.3000031,203.6300049,189.383728
5/19/2016,204.5399933,202.7799988,188.7275085
5/20/2016,206.1000061,204.8600006,189.9197998
5/23/2016,205.8399963,204.9900055,189.661026
5/24/2016,208.2400055,206.1399994,192.1194611
5/25/2016,209.7700043,207.8699951,193.4226074
5/26/2016,209.7100067,208.9700012,193.4780579
5/27/2016,210.25,209.4700012,194.3098907
5/31/2016,210.6900024,209.1799927,193.9402313
6/1/2016,210.4799957,208.8899994,194.3376312
6/2/2016,210.9299927,209.2400055,194.9291382
6/3/2016,210.6900024,208.8600006,194.3468323
6/6/2016,211.7700043,210.5099945,195.3358002
6/7/2016,212.3399963,211.5,195.6407471
6/8/2016,212.5200043,211.6900024,196.2785034
6/9/2016,212.2200012,211.1900024,196.0104523
6/10/2016,210.8600006,209.4299927,194.152771
6/13/2016,210.3699951,208.3500061,192.6555023
6/14/2016,208.7400055,206.9199982,192.2765503
6/15/2016,209.3600006,207.5299988,192.0085297
6/16/2016,208.5700073,205.5899963,192.5815582
6/17/2016,207.1999969,205.75,191.8643646
6/20/2016,209.6100006,207.75,193.0999298
6/21/2016,208.9199982,207.7799988,193.6481323
6/22/2016,209.5,207.9299927,193.3322296
6/23/2016,210.8699951,209.2700043,195.8499298
6/24/2016,210.8500061,202.7200012,188.8170929
6/27/2016,201.6000061,198.6499939,185.4354248
6/28/2016,203.2299957,201.1199951,188.7799683
6/29/2016,206.9299927,204.7200012,191.9944305
6/30/2016,209.5399933,206.5599976,194.6143036
7/1/2016,210.4900055,209.2899933,195.0230865
7/5/2016,209.0800018,207.7100067,193.620224
7/6/2016,209.8000031,207.0599976,194.7815094
7/7/2016,210.6499939,208.6300049,194.6607666
7/8/2016,212.9400024,210.7799988,197.5593414
7/11/2016,214.0700073,212.9499969,198.256134
7/12/2016,215.3000031,213.4299927,199.6961212
7/13/2016,215.4499969,214.3500061,199.6682434
7/14/2016,216.6699982,215.6600037,200.7831116
7/15/2016,217.0099945,215.3099976,200.5136871
7/18/2016,216.6000061,215.6699982,201.0525055
7/19/2016,216.2299957,215.6300049,200.8480988
7/20/2016,217.3699951,216.1900024,201.6842499
7/21/2016,217.2200012,215.75,200.9224701
7/22/2016,217.3000031,216.1000061,201.8236389
7/25/2016,217.0599976,215.9700012,201.2754822
7/26/2016,217.1699982,215.7599945,201.3683472
7/27/2016,217.2700043,215.6199951,201.1547089
7/28/2016,217.1100006,215.75,201.3869629
7/29/2016,217.5399933,216.1300049,201.7121124
8/1/2016,217.6499939,216.4100037,201.5449219
8/2/2016,216.8300018,214.5700073,200.2535095
8/3/2016,216.25,215.1300049,200.8388367
8/4/2016,216.7799988,214.25,201.0525055
8/5/2016,218.2299957,216.4100037,202.6968994
8/8/2016,218.5200043,217.7400055,202.5761108
8/9/2016,218.7599945,217.8000031,202.6968994
8/10/2016,218.3999939,217.2299957,202.1952362
8/11/2016,218.9400024,217.9499969,203.1335602
8/12/2016,218.7100067,217.9900055,202.9570313
8/15/2016,219.5,218.8800049,203.5423279
8/16/2016,218.6799927,217.9600067,202.4925385
8/17/2016,218.5299988,217.0200043,202.8734131
8/18/2016,218.8999939,218.2100067,203.3286591
8/19/2016,218.75,217.7400055,203.0313416
8/22/2016,218.8000031,217.8300018,203.0220642
8/23/2016,219.6000061,218.8999939,203.4308472
8/24/2016,218.9100037,217.3600006,202.3903503
8/25/2016,218.1900024,217.2200012,202.2509613
8/26/2016,219.1199951,216.25,201.8700714
8/29/2016,218.6699982,217.3999939,202.8641052
8/30/2016,218.5899963,217.3500061,202.5296783
8/31/2016,217.75,216.4700012,201.9536896
9/1/2016,217.7299957,216.0299988,201.9629822
9/2/2016,218.8699951,217.6999969,202.8734131
9/6/2016,219.1199951,217.8600006,203.4865875
9/7/2016,219.2200012,218.3000031,203.4680023
9/8/2016,218.9400024,218.1499939,203.0034943
9/9/2016,217.0299988,213.25,198.1446381
9/12/2016,216.8099976,212.3099976,200.9874878
9/13/2016,215.1499939,212.5,198.0981598
9/14/2016,214.6999969,212.5,198.0238342
9/15/2016,215.7299957,212.75,200.0027161
9/16/2016,213.6900024,212.5700073,199.2295685
9/19/2016,214.8800049,213.0299988,199.2668915
9/20/2016,214.5899963,213.3800049,199.2762604
9/21/2016,216.0299988,213.4400024,201.5172119
9/22/2016,217.5299988,216.7100067,202.7870636
9/23/2016,216.8800049,215.8800049,201.6759338
9/26/2016,215.2299957,214.0099945,200.0419312
9/27/2016,215.6799927,213.6199951,201.2837982
9/28/2016,216.8200073,214.7100067,202.2828674
9/29/2016,216.8699951,214.0399933,200.4527893
9/30/2016,217.1199951,215.3600006,201.9653931
10/3/2016,216.0399933,215.0399933,201.4798279
10/4/2016,216.1699982,213.9900055,200.4527893
10/5/2016,216.1300049,215.3300018,201.3398132
10/6/2016,216.0399933,214.7400055,201.4798279
10/7/2016,216.3000031,214.1900024,200.7889099
10/10/2016,216.6999969,215.9900055,201.8347015
10/11/2016,215.7400055,212.5800018,199.2855835
10/12/2016,214.3200073,213.0099945,199.5470428
10/13/2016,213.5899963,211.2100067,198.8934326
10/14/2016,214.6900024,213.0299988,198.99617
10/17/2016,213.3899994,212.1699982,198.3051758
10/18/2016,214.3099976,213.2700043,199.5470428
10/19/2016,214.6399994,213.6000061,200.0792847
10/20/2016,214.5299988,213.1100006,199.7057648
10/21/2016,214.0800018,212.7599945,199.7991486
10/24/2016,215.3200073,214.4799957,200.648819
10/25/2016,214.9799957,213.9799957,199.9765625
10/26/2016,214.4199982,212.9299927,199.575058
10/27/2016,214.6199951,213.0800018,199.0428619
10/28/2016,213.9299927,211.7100067,198.4545593
10/31/2016,213.1900024,212.3600006,198.463913
11/1/2016,212.9900055,209.6000061,197.0259705
11/2/2016,211.1000061,209.2299957,195.8401489
11/3/2016,210.2400055,208.4600067,194.9437408
11/4/2016,209.8899994,208.3800049,194.7290344
11/7/2016,213.1900024,208.5500031,199.0241241
11/8/2016,214.7700043,212.3800049,199.920517
11/9/2016,217.1000061,212.3399963,202.0401154
11/10/2016,218.3099976,215.2200012,202.5442963
11/11/2016,216.6999969,215.3200073,202.0774536
11/14/2016,217.2700043,215.7200012,202.2361755
11/15/2016,218.2799988,216.8000031,203.8141785
11/16/2016,218.1399994,217.4199982,203.431366
11/17/2016,219.0599976,217.9199982,204.4771423
11/18/2016,219.2700043,218.2899933,204.0196075
11/21/2016,220.1799927,219,205.5602417
11/22/2016,220.7899933,219.7299957,205.9617615
11/23/2016,220.7599945,219.75,206.0738068
11/25/2016,221.5599976,221.0099945,206.8394623
11/28/2016,221.4799957,220.3600006,205.8683624
11/29/2016,221.4400024,220.1699982,206.2698517
11/30/2016,221.8200073,220.3099976,205.7750244
12/1/2016,220.7299957,219.1499939,205.0186768
12/2/2016,220.25,219.2599945,205.1213837
12/5/2016,221.3999939,220.4199982,206.3539276
12/6/2016,221.7400055,220.6600037,207.0075378
12/7/2016,224.6699982,221.3800049,209.7153473
12/8/2016,225.6999969,224.2599945,210.2288818
12/9/2016,226.5299988,225.3699951,211.498764
12/12/2016,226.9600067,225.7599945,211.2559967
12/13/2016,228.3399963,227,212.6659393
12/14/2016,228.2299957,225.3699951,210.9105225
12/15/2016,227.8099976,225.8899994,211.7788849
12/16/2016,226.0800018,224.6699982,211.3646698
12/19/2016,226.0200043,225.0800018,211.8248901
12/20/2016,226.5700073,225.8800049,212.6420441
12/21/2016,226.4499969,225.7700043,212.0503235
12/22/2016,225.7400055,224.9199982,211.6839905
12/23/2016,225.7200012,225.2100067,211.9939728
12/27/2016,226.7299957,226,212.5199585
12/28/2016,226.5899963,224.2700043,210.7635651
12/29/2016,224.8899994,223.8399963,210.7165985
12/30/2016,224.8300018,222.7299957,209.9464417
1/3/2017,225.8300018,223.8800049,211.5525513
1/4/2017,226.75,225.6100006,212.8111115
1/5/2017,226.5800018,225.4799957,212.6420441
1/6/2017,227.75,225.8999939,213.4028168
1/9/2017,227.0700073,226.4199982,212.6984406
1/10/2017,227.4499969,226.0099945,212.6984406
1/11/2017,227.1000061,225.5899963,213.2994995
1/12/2017,226.75,224.9600067,212.7641449
1/13/2017,227.3999939,226.6900024,213.2525177
1/17/2017,226.7799988,225.8000031,212.5011444
1/18/2017,226.8000031,225.8999939,212.9707794
1/19/2017,227,225.4100037,212.1818237
1/20/2017,227.3099976,225.9700012,212.9613647
1/23/2017,226.8099976,225.2700043,212.4071808
1/24/2017,228.0800018,226.2700043,213.7691193
1/25/2017,229.5700073,228.5099945,215.6194
1/26/2017,229.7100067,229.0099945,215.3940125
1/27/2017,229.5899963,228.7599945,215.0558777
1/30/2017,228.1999969,226.4100037,213.7221527
1/31/2017,227.6000061,226.3200073,213.7033997
2/1/2017,228.5899963,226.9400024,213.7879028
2/2/2017,228.1000061,226.8200073,213.928772
2/3/2017,229.5500031,228.4600067,215.4033966
2/6/2017,229.3300018,228.5399933,215.0182953
2/7/2017,229.6600037,228.7200012,215.0276947
2/8/2017,229.3899994,228.3099976,215.3094635
2/9/2017,230.9499969,229.2400055,216.5868073
2/10/2017,231.7700043,230.6199951,217.4414978
2/13/2017,233.0700073,232.0500031,218.6249695
2/14/2017,233.7100067,232.1600037,219.4984436
2/15/2017,235.1399994,233.3899994,220.6442871
2/16/2017,235.1600037,233.8500061,220.4564667
2/17/2017,235.0899963,233.9299927,220.8039703
2/21/2017,236.6900024,235.5099945,222.1188965
2/22/2017,236.5399933,235.8300018,221.9216461
2/23/2017,236.8999939,235.5599976,222.0719147
2/24/2017,236.7899933,235.4100037,222.353714
2/27/2017,237.3099976,236.3500061,222.7012177
2/28/2017,236.9499969,236.0200043,222.1000977
3/1/2017,240.3200073,238.3699951,225.2089539
3/2/2017,239.5700073,238.2100067,223.7907257
3/3/2017,238.6100006,237.7299957,223.9316254
3/6/2017,238.1199951,237.0099945,223.2647705
3/7/2017,237.7700043,236.7599945,222.5978851
3/8/2017,237.6399994,236.3999939,222.1846161
3/9/2017,237.2400055,235.7400055,222.4664001
3/10/2017,238.0200043,236.5899963,223.2459412
3/13/2017,237.8600006,237.2400055,223.3586731
3/14/2017,237.2400055,236.1900024,222.503952
3/15/2017,239.4400024,237.2899933,224.4293823
3/16/2017,239.1999969,238.1000061,223.9879761
3/17/2017,237.9700012,237.0299988,223.5945892
3/20/2017,237.3600006,236.3200073,223.34935
3/21/2017,237.6100006,233.5800018,220.4816284
3/22/2017,234.6100006,233.0500031,221.0004578
3/23/2017,235.3399963,233.6000061,220.7646637
3/24/2017,235.0399933,232.9600067,220.6042633
3/27/2017,233.9199982,231.6100006,220.3778687
3/28/2017,235.8099976,233.1399994,221.9815216
3/29/2017,235.8099976,234.7299957,222.1890411
3/30/2017,236.5200043,235.2700043,222.8965454
3/31/2017,236.5099945,235.6799927,222.3777313
4/3/2017,236.0299988,233.9100037,221.9909515
4/4/2017,235.5800018,234.5599976,222.1324158
4/5/2017,237.3899994,234.5399933,221.4721527
4/6/2017,236.0399933,234.4299927,222.0947571
4/7/2017,236,234.6399994,221.8683014
4/10/2017,236.2599945,234.7299957,222.0003967
4/11/2017,235.1799927,233.3399963,221.7362671
4/12/2017,234.9600067,233.7700043,220.7646637
4/13/2017,234.4900055,232.5099945,219.3307953
4/17/2017,234.5700073,232.8800049,221.2740326
4/18/2017,234.4900055,233.0800018,220.6136932
4/19/2017,234.9499969,233.1799927,220.2080841
4/20/2017,235.8500061,233.7799988,222.0003967
4/21/2017,235.3099976,234.1300049,221.2928925
4/24/2017,237.4100037,234.5599976,223.7266541
4/25/2017,238.9499969,237.8099976,225.0284271
4/26/2017,239.5299988,238.3500061,224.8869476
4/27/2017,238.9499969,237.9799957,225.075592
4/28/2017,238.9299927,237.9299927,224.5850983
5/1/2017,239.1699982,238.1999969,225.1510468
5/2/2017,238.9799957,238.3000031,225.2359467
5/3/2017,238.8800049,237.6999969,224.9624023
5/4/2017,238.9199982,237.7799988,225.2265472
5/5/2017,239.7200012,238.6799927,226.1132507
5/8/2017,239.9199982,239.1699982,226.075531
5/9/2017,240.1900024,239.0399933,225.867981
5/10/2017,239.8699951,239.1499939,226.2736053
5/11/2017,239.5700073,238.1300049,225.8114014
5/12/2017,239.4299927,238.6699982,225.4340363
5/15/2017,240.4400024,239.4499969,226.679245
5/16/2017,240.6699982,239.6300049,226.4716949
5/17/2017,240.0800018,235.75,222.453186
5/18/2017,237.75,235.4299927,223.34935
5/19/2017,239.0800018,237.2700043,224.8020325
5/22/2017,239.7100067,238.8200073,225.9434509
5/23/2017,240.2400055,239.5099945,226.4434204
5/24/2017,240.7299957,239.9299927,226.9716797
5/25/2017,242.0800018,240.9600067,228.0564575
5/26/2017,241.8999939,241.4499969,228.0093079
5/30/2017,241.7899933,241.1600037,227.8112183
5/31/2017,241.8800049,240.6399994,227.7546234
6/1/2017,243.3800049,241.6399994,229.5657806
6/2/2017,244.3500061,243.0800018,230.3298798
6/5/2017,244.3000031,243.7599945,230.1600952
6/6/2017,243.9799957,243.1199951,229.4242706
6/7/2017,243.9199982,242.8300018,229.8488007
6/8/2017,244.3300018,243.1699982,229.9619904
6/9/2017,245.0099945,241.9499969,229.6129761
6/12/2017,243.4199982,242.3800049,229.5657806
6/13/2017,244.6100006,243.5800018,230.6883698
6/14/2017,244.8699951,243.2899933,230.3959045
6/15/2017,243.9100037,242.3600006,229.9525757
6/16/2017,242.8300018,241.6300049,230.0028076
6/19/2017,244.7299957,243.4799957,231.9176025
6/20/2017,244.2599945,242.9900055,230.3535309
6/21/2017,243.5899963,242.4100037,230.2966461
6/22/2017,243.5299988,242.6399994,230.1923676
6/23/2017,243.5099945,242.4700012,230.4672699
6/26/2017,244.3800049,243.0500031,230.6189423
6/27/2017,243.3800049,241.3099976,228.7610168
6/28/2017,243.7200012,242.2299957,230.8085175
6/29/2017,243.7200012,239.9600067,228.7799683
6/30/2017,242.7100067,241.5800018,229.206543
7/3/2017,243.3800049,242.2100067,229.5951996
7/5/2017,243.0099945,241.6999969,230.1260223
7/6/2017,242.0299988,240.3399963,228.021637
7/7/2017,242.2799988,240.5599976,229.5003967
7/10/2017,242.8000031,241.7599945,229.7468414
7/11/2017,242.5500031,240.8500061,229.5762177
7/12/2017,244.1999969,243.3000031,231.3014374
7/13/2017,244.5500031,243.7599945,231.6900787
7/14/2017,245.9700012,244.3099976,232.7707062
7/17/2017,245.9100037,245.3300018,232.7422791
7/18/2017,245.7200012,244.6699982,232.865509
7/19/2017,247,246.0099945,234.126236
7/20/2017,247.4199982,246.4700012,234.2304993
7/21/2017,246.9100037,246.1799927,234.0219879
7/24/2017,246.9799957,246.2799988,233.9650879
7/25/2017,247.8000031,247.1600037,234.533844
7/26/2017,247.7899933,247.1300049,234.543335
7/27/2017,248,245.6799927,234.3252869
7/28/2017,247.0599976,246.1300049,234.0503998
7/31/2017,247.4799957,246.5299988,233.9177094
8/1/2017,247.5,246.7200012,234.4390717
8/2/2017,247.6000061,246.3699951,234.5528107
8/3/2017,247.3399963,246.6399994,234.0978088
8/4/2017,247.7899933,246.9700012,234.5243835
8/7/2017,247.8699951,247.3699951,234.9604034
8/8/2017,248.9100037,246.8300018,234.3821716
8/9/2017,247.3099976,246.0599976,234.3726959
8/10/2017,246.4400024,243.6999969,231.0644684
8/11/2017,244.8000031,243.75,231.4056854
8/14/2017,246.7899933,245.5500031,233.699646
8/15/2017,247,246.1600037,233.6712341
8/16/2017,247.5700073,246.4499969,234.0788574
8/17/2017,246.6000061,243.0899963,230.4293518
8/18/2017,244.1900024,242.1999969,230.0691528
8/21/2017,243.1999969,241.8300018,230.2492371
8/22/2017,245.6199951,243.5500031,232.6569519
8/23/2017,245.0500031,244.1600037,231.8228302
8/24/2017,245.1799927,243.75,231.2825165
8/25/2017,245.6100006,244.3899994,231.8228302
8/28/2017,245.1999969,244.0899963,231.8322906
8/29/2017,245.1499939,242.9299927,232.097702
8/30/2017,246.3200073,244.6199951,233.1972656
8/31/2017,247.7700043,246.0500031,234.6002197
9/1/2017,248.3300018,247.6699982,234.9319763
9/5/2017,247.5200043,244.9499969,233.2446442
9/6/2017,247.2799988,246.2299957,234.0408936
9/7/2017,247.2700043,246.3999939,234.0124969
9/8/2017,247.1100006,246.3000031,233.7375946
9/11/2017,249.3000031,248.0200043,236.2305908
9/12/2017,250.0899963,249.4199982,237.0268707
9/13/2017,250.2100067,249.5899963,237.140625
9/14/2017,250.3200073,249.6000061,237.0648041
9/15/2017,249.2899933,248.5700073,237.3839111
9/18/2017,250.1199951,249.2799988,237.8887939
9/19/2017,250.0700073,249.6000061,238.1269531
9/20/2017,250.1900024,248.9199982,238.2126923
9/21/2017,249.9799957,249.1900024,237.5744324
9/22/2017,249.6300049,249.0200043,237.6220856
9/25/2017,249.5500031,248.0800018,237.1362457
9/26/2017,249.6999969,248.8099976,237.279129
9/27/2017,250.4900055,248.8699951,238.2031708
9/28/2017,250.4400024,249.6300049,238.4889526
9/29/2017,251.3200073,250.1300049,239.3272858
10/2/2017,252.3200073,251.2899933,240.3656311
10/3/2017,252.8899994,252.2299957,240.8800354
10/4/2017,253.4400024,252.5599976,241.1658478
10/5/2017,254.6799927,253.1999969,242.5947876
10/6/2017,254.6999969,253.8500061,242.3184814
10/9/2017,254.6999969,253.6499939,241.9184113
10/10/2017,255.0500031,253.9799957,242.5566559
10/11/2017,255.0200043,254.3200073,242.9376984
10/12/2017,255.0599976,254.3699951,242.5756989
10/13/2017,255.2700043,254.6399994,242.871048
10/16/2017,255.5099945,254.8200073,243.1949005
10/17/2017,255.5200043,254.9799957,243.3663788
10/18/2017,255.9499969,255.5,243.604538
10/19/2017,255.8300018,254.3500061,243.6712189
10/20/2017,257.1400146,255.7700043,244.9286804
10/23/2017,257.5100098,256.019989,243.976059
10/24/2017,256.8299866,256.1499939,244.4047394
10/25/2017,256.3099976,254,243.1949005
10/26/2017,256.2999878,255.4799957,243.5092773
10/27/2017,257.8900146,255.6300049,245.5002594
10/30/2017,257.6000061,256.4100037,244.5857391
10/31/2017,257.4400024,256.8099976,244.9667511
11/1/2017,258.4299927,257.0700073,245.2906647
11/2/2017,257.75,256.1900024,245.3859406
11/3/2017,258.5,257.2999878,246.2052155
11/6/2017,259,258.2200012,246.5862579
11/7/2017,259.3500061,258.0899963,246.4147949
11/8/2017,259.2200012,258.1499939,246.8339081
11/9/2017,258.3900146,256.3599854,245.9384613
11/10/2017,258.2900085,257.3699951,245.8622437
11/13/2017,258.5899963,257.269989,246.0908661
11/14/2017,257.8500061,256.519989,245.5193024
11/15/2017,257.2200012,255.6300049,244.290451
11/16/2017,259.0400085,257.4700012,246.367157
11/17/2017,258.5899963,257.769989,245.6431427
11/20/2017,258.519989,257.8599854,246.0622711
11/21/2017,260.2000122,258.2600098,247.6722412
11/22/2017,260.1499939,259.5700073,247.4531555
11/24/2017,260.480011,260.1600037,248.0246887
11/27/2017,260.75,260,247.9008636
11/28/2017,262.8999939,260.6499939,250.415802
11/29/2017,263.6300049,262.2000122,250.263382
11/30/2017,266.0499878,263.6700134,252.454422
12/1/2017,265.3099976,260.7600098,251.9304657
12/4/2017,266.7999878,264.0799866,251.6256409
12/5/2017,265.1499939,263.0400085,250.7206116
12/6/2017,263.730011,262.7099915,250.76828
12/7/2017,264.4299927,262.9400024,251.5589294
12/8/2017,265.519989,264.0299988,252.9307404
12/11/2017,266.3800049,265.480011,253.6928253
12/12/2017,267.3200073,266.3500061,254.1405334
12/13/2017,267.5599976,266.6499939,254.1119843
12/14/2017,267.2200012,265.6000061,253.0736237
12/15/2017,267.0400085,265.3900146,255.1810913
12/18/2017,268.6000061,267.980011,256.7992249
12/19/2017,268.5299988,267.0899963,255.8130035
12/20/2017,268.3299866,266.6900024,255.6789246
12/21/2017,268.3900146,267.2999878,256.2055359
12/22/2017,267.6400146,266.8999939,256.1385498
12/26/2017,267.4400024,266.8900146,255.8321686
12/27/2017,267.730011,267.0100098,255.956604
12/28/2017,267.9200134,267.4500122,256.4832458
12/29/2017,268.5499878,266.6400146,255.5161743
1/2/2018,268.8099976,267.3999939,257.3450012
1/3/2018,270.6400146,268.9599915,258.9727173
1/4/2018,272.1600037,270.5400085,260.0642395
1/5/2018,273.5599976,271.9500122,261.7973022
1/8/2018,274.1000061,272.980011,262.2760925
1/9/2018,275.25,274.0799866,262.8697205
1/10/2018,274.4200134,272.9200134,262.4675293
1/11/2018,276.1199951,274.5599976,264.3825073
1/12/2018,278.1099854,276.0799866,266.1060486
1/16/2018,280.0899963,276.1799927,265.1964417
1/17/2018,280.0499878,276.9700012,267.7241211
1/18/2018,279.9599915,278.5799866,267.2742004
1/19/2018,280.4100037,279.1400146,268.4901733
1/22/2018,282.6900024,280.1099854,270.6732788
1/23/2018,283.6199951,282.3699951,271.2477722
1/24/2018,284.7000122,281.8399963,271.1424561
1/25/2018,284.269989,282.3999939,271.2573242
1/26/2018,286.6300049,283.9599915,274.3978577
1/29/2018,286.4299927,284.5,272.5786743
1/30/2018,284.7399902,281.2200012,269.7828369
1/31/2018,283.2999878,280.6799927,269.9167786
2/1/2018,283.0599976,280.6799927,269.6104736
2/2/2018,280.230011,275.4100037,263.7410583
2/5/2018,275.8500061,263.3099976,252.7106628
2/6/2018,269.7000122,258.7000122,257.6896973
2/7/2018,272.3599854,267.5799866,256.291748
2/8/2018,268.1700134,257.5899963,246.6785583
2/9/2018,263.6099854,252.9199982,250.3840485
2/12/2018,267.0100098,261.6600037,254.0608215
2/13/2018,266.6199951,263.3099976,254.6927338
2/14/2018,270,264.2999878,258.1301575
2/15/2018,273.0400085,268.769989,261.4238586
2/16/2018,275.3200073,272.269989,261.5004883
2/20/2018,273.6700134,270.5,259.8631897
2/21/2018,274.7200012,269.9400024,258.5705566
2/22/2018,273.0499878,269.6400146,258.9057007
2/23/2018,274.7099915,271.25,263.0324707
2/26/2018,278.0100098,275.2600098,266.0868835
2/27/2018,278.9200134,274.3599854,262.7644043
2/28/2018,276.1900024,271.2900085,260.1025391
3/1/2018,273.1700134,266,256.3204956
3/2/2018,269.7200012,264.8200073,257.6418152
3/5/2018,272.8900146,267.6099854,260.6195679
3/6/2018,273.3900146,271.1799927,261.2802734
3/7/2018,273.1799927,270.2000122,261.1845703
3/8/2018,274.2399902,272.4200134,262.4484253
3/9/2018,278.8699951,275.3399963,267.015686
3/12/2018,279.9100037,278.0799866,266.680542
3/13/2018,280.4100037,276.0299988,264.9570313
3/14/2018,278.019989,274.6700134,263.5973511
3/15/2018,276.6099854,274.4299927,263.3101501
3/16/2018,275.3900146,274.1400146,263.5957031
3/19/2018,274.3999939,268.6199951,260.0291138
3/20/2018,271.6700134,270.1799927,260.471405
3/21/2018,273.269989,270.1900024,259.9714661
3/22/2018,268.8699951,263.3599854,253.4729156
3/23/2018,264.5400085,257.8299866,248.0702515
3/26/2018,265.4299927,259.4100037,254.8572235
3/27/2018,266.769989,258.8399963,250.5216522
3/28/2018,262.6400146,258.5799866,249.7813721
3/29/2018,265.2600098,259.8399963,252.9730225
4/2/2018,263.1300049,254.6699982,247.5126648
4/3/2018,261.3099976,256.8399963,250.6850586
4/4/2018,264.3599854,256.6000061,253.367157
4/5/2018,266.6400146,264.3200073,255.3667297
4/6/2018,265.1099854,258,249.6756439
4/9/2018,264.8399963,259.9400024,250.9061279
4/10/2018,266.0400085,262.980011,254.8956299
4/11/2018,265.6400146,263.3900146,253.5594635
4/12/2018,267,265.0599976,255.6455231
4/13/2018,267.5400085,264.0100098,254.8956299
4/16/2018,268.2000122,266.0700073,256.9913635
4/17/2018,270.8699951,268.75,259.7407532
4/18/2018,271.2999878,269.8699951,259.9330444
4/19/2018,269.8800049,267.7200012,258.4910583
4/20/2018,269.0599976,265.6099854,256.2991943
4/23/2018,267.8900146,265.3500061,256.2607422
4/24/2018,267.980011,261.2799988,252.8096008
4/25/2018,264.1300049,260.8500061,253.434433
4/26/2018,267.25,264.2900085,256.0108032
4/27/2018,267.3399963,265.5,256.2511597
4/30/2018,267.8900146,264.4299927,254.280426
5/1/2018,265.1000061,262.1099854,254.732254
5/2/2018,265.6799927,262.7600098,253.0211029
5/3/2018,263.3599854,259.0499878,252.4635315
5/4/2018,266.7900085,261.1499939,255.7319794
5/7/2018,268.019989,266.1099854,256.597229
5/8/2018,267.3299866,265.1499939,256.597229
5/9/2018,269.8699951,267.0899963,259.0774536
5/10/2018,272.3900146,270.2200012,261.4999695
5/11/2018,273.1499939,271.5799866,262.2978821
5/14/2018,274.0799866,272.3599854,262.4228821
5/15/2018,271.6099854,270.0299988,260.6155701
5/16/2018,272.7600098,271.1099854,261.7114563
5/17/2018,273.230011,271.1300049,261.490387
5/18/2018,272.0299988,270.9299927,260.8366394
5/21/2018,273.980011,272.5700073,262.7977295
5/22/2018,274.25,272.2399902,262.0671082
5/23/2018,273.3900146,270.9899902,262.788147
5/24/2018,273.2200012,270.7799988,262.2497864
5/25/2018,272.8599854,271.5799866,261.624939
5/29/2018,271.1700134,267.7600098,258.6159973
5/30/2018,273.1099854,270.4200134,262.0671082
5/31/2018,272.4899902,270.2600098,260.461731
6/1/2018,273.9400024,272.3299866,263.0188599
6/4/2018,275.1900024,274.2600098,264.2685852
6/5/2018,275.5299988,274.1799927,264.4608765
6/6/2018,277.519989,275.0899963,266.6719055
6/7/2018,278.2799988,276.3399963,266.6430969
6/8/2018,278.25,276.6600037,267.4313965
6/11/2018,279.3699951,278.3099976,267.7870178
6/12/2018,279.3299866,278.1900024,268.1331787
6/13/2018,279.480011,277.7999878,267.2775574
6/14/2018,279.3299866,278.0599976,267.95047
6/15/2018,277.5100098,275.3500061,267.6086731
6/18/2018,276.7000122,274.9500122,267.0582275
6/19/2018,275.75,273.5299988,266.034668
6/20/2018,276.7200012,275.5899963,266.4884949
6/21/2018,275.980011,273.6799927,264.8179626
6/22/2018,275.7900085,274.4899902,265.3007813
6/25/2018,273.6199951,269.1000061,261.6892395
6/26/2018,272.5599976,270.7900085,262.2686462
6/27/2018,273.8699951,269.1799927,260.0959167
6/28/2018,271.75,268.4899902,261.5830078
6/29/2018,273.6600037,271.1499939,261.9596558
7/2/2018,272.0400085,269.2399902,262.5197144
7/3/2018,272.980011,270.4200134,261.5926514
7/5/2018,273.1799927,270.9599915,263.7266846
7/6/2018,275.8399963,272.7099915,265.9573669
7/9/2018,277.9599915,276.5,268.3522034
7/10/2018,279.0100098,278.0799866,269.3177795
7/11/2018,278.0400085,276.519989,267.3479004
7/12/2018,279.4299927,277.6000061,269.771698
7/13/2018,279.9299927,278.6600037,269.9841003
7/16/2018,279.7999878,278.8399963,269.7427063
7/17/2018,280.9100037,278.4100037,270.8338623
7/18/2018,281.1799927,280.0599976,271.4036255
7/19/2018,280.7399902,279.4599915,270.3800354
7/20/2018,280.480011,279.5,270.0710144
7/23/2018,280.4299927,279.0599976,270.5731812
7/24/2018,282.5599976,280.6300049,271.9347229
7/25/2018,284.3699951,281.2799988,274.2522888
7/26/2018,284.1099854,283.0899963,273.6052551
7/27/2018,283.8200073,280.3800049,271.7512817
7/30/2018,281.6900024,279.3599854,270.3317871
7/31/2018,282.019989,280.3800049,271.6643372
8/1/2018,282.1300049,280.1300049,271.2104797
8/2/2018,282.5799866,279.1600037,272.6879578
8/3/2018,283.6600037,282.3299866,273.8563232
8/6/2018,284.9899902,283.2000122,274.8606262
8/7/2018,286.0100098,285.2399902,275.76828
8/8/2018,285.9100037,284.9400024,275.6524048
8/9/2018,285.9700012,284.9200134,275.2758789
8/10/2018,284.0599976,282.3599854,273.431488
8/13/2018,284.1600037,281.769989,272.4078979
8/14/2018,284.1700134,282.480011,274.1460266
8/15/2018,282.5400085,280.1600037,272.0989075
8/16/2018,285.0400085,283.3599854,274.3005676
8/17/2018,285.5599976,283.3699951,275.2661438
8/20/2018,285.9700012,285.0599976,275.8552246
8/21/2018,287.3099976,285.7099915,276.5022278
8/22/2018,286.7600098,285.5799866,276.3380737
8/23/2018,286.9400024,285.4299927,275.9710999
8/24/2018,287.6700134,286.3800049,277.6319885
8/27/2018,289.8999939,288.6799927,279.8240051
8/28/2018,290.4200134,289.3999939,279.9592285
8/29/2018,291.7399902,289.8900146,281.4656372
8/30/2018,291.3599854,289.6300049,280.3261719
8/31/2018,290.8099976,289.2900085,280.3357849
9/4/2018,290.2099915,288.6799927,279.8529968
9/5/2018,289.6400146,287.8900146,279.099762
9/6/2018,289.4899902,287,278.2597046
9/7/2018,288.7000122,286.7099915,277.7189636
9/10/2018,289.0400085,287.8800049,278.2017212
9/11/2018,289.5499878,286.980011,279.1190796
9/12/2018,289.7999878,288.230011,279.1867065
9/13/2018,291.0400085,290,280.8379211
9/14/2018,291.269989,290,280.8862305
9/17/2018,290.8599854,289.0299988,279.3991394
9/18/2018,291.5799866,289.5499878,280.9152222
9/19/2018,291.6900024,290.8299866,281.2145386
9/20/2018,293.9400024,291.2399902,283.4934998
9/21/2018,293.2200012,291.8099976,283.2344666
9/24/2018,291.5,290.3699951,282.2935486
9/25/2018,291.6499939,290.480011,282.0316467
9/26/2018,292.2399902,289.4100037,281.1877441
9/27/2018,291.9100037,290.1000061,281.9734497
9/28/2018,291.2799988,289.9500122,282.0025024
10/1/2018,292.9299927,290.980011,282.9822998
10/2/2018,292.3599854,291.1400146,282.8173523
10/3/2018,293.2099915,291.3200073,282.9725952
10/4/2018,291.2399902,287.6600037,280.7608948
10/5/2018,290.269989,286.2200012,279.1894836
10/8/2018,288.2200012,285.5,279.1894836
10/9/2018,288.8599854,286.769989,278.7821045
10/10/2018,286.9100037,277.8800049,269.9549866
10/11/2018,278.8999939,270.3599854,264.0087891
10/12/2018,277.0899963,272.3699951,267.6754456
10/15/2018,277.0400085,274.2999878,266.1719055
10/16/2018,280.8200073,276.0700073,271.9920044
10/17/2018,281.1499939,277.5599976,272.0404968
10/18/2018,280.0700073,274.9700012,268.1119385
10/19/2018,279.2999878,275.4700012,267.9664307
10/22/2018,277.3599854,274.4100037,266.7635803
10/23/2018,274.8699951,268.6099854,265.4056091
10/24/2018,273.7600098,264.7000122,257.3641663
10/25/2018,271.8099976,266.230011,261.9814148
10/26/2018,271,262.2900085,257.3738708
10/29/2018,270.25,259.8500061,255.9479523
10/30/2018,268.1199951,263.1199951,259.7407227
10/31/2018,273.230011,270.1199951,262.5149841
11/1/2018,273.730011,270.3800049,265.3086243
11/2/2018,275.230011,269.5899963,263.7372437
11/5/2018,274.0100098,271.3500061,265.1922302
11/6/2018,275.2999878,273.25,266.8703308
11/7/2018,281.1000061,277.0799866,272.5837402
11/8/2018,281.2200012,279.2200012,272.0889893
11/9/2018,279.2399902,276.1799927,269.4311829
11/12/2018,277.4599915,271.9899902,264.3967896
11/13/2018,275.3299866,271.25,263.9020691
11/14/2018,274.6099854,268.4500122,262.0978394
11/15/2018,273.5400085,267.0100098,264.8332825
11/16/2018,274.75,271.2099915,265.5220032
11/19/2018,273.3800049,268.0700073,261.0308533
11/20/2018,267,263.1499939,256.2001648
11/21/2018,267.1499939,265.0100098,257.0731812
11/23/2018,264.8200073,263.0700073,255.3562622
11/26/2018,267.75,265.3399963,259.4788208
11/27/2018,268.3999939,265.6600037,260.3518066
11/28/2018,274.5799866,268.3299866,266.3464661
11/29/2018,275.5499878,272.4299927,265.7644958
11/30/2018,276.2799988,273.4500122,267.3844299
12/3/2018,280.3999939,277.5100098,270.9249878
12/4/2018,278.8500061,269.8999939,262.1463623
12/6/2018,269.9700012,262.4400024,261.7486267
12/7/2018,271.2200012,262.6300049,255.6666565
12/10/2018,265.1600037,258.6199951,256.1517029
12/11/2018,267.8699951,262.480011,256.2098389
12/12/2018,269,265.3699951,257.5
12/13/2018,267.4899902,264.1199951,257.4126892
12/14/2018,264.0299988,259.8500061,252.6596222
12/17/2018,260.6499939,253.5299988,247.7028656
12/18/2018,257.9500122,253.2799988,247.4312439
12/19/2018,259.3999939,249.3500061,243.7257538
12/20/2018,251.6199951,244.6499939,239.7584381
12/21/2018,249.7100067,239.9799957,234.8458862
12/24/2018,240.8399963,234.2700043,228.640564
12/26/2018,246.1799927,233.7599945,240.1925964
12/27/2018,248.2899933,238.9600067,242.0366669
12/28/2018,251.3999939,246.4499969,241.7244415
12/31/2018,250.1900024,247.4700012,243.8416443
1/2/2019,251.2100067,245.9499969,244.0953217
1/3/2019,248.5700073,243.6699982,238.2705383
1/4/2019,253.1100006,247.1699982,246.2515564
1/7/2019,255.9499969,251.6900024,248.1931763
1/8/2019,257.3099976,254,250.5250397
1/9/2019,258.9100037,256.1900024,251.6958771
1/10/2019,259.1600037,255.5,252.583725
1/11/2019,259.0100098,257.0299988,252.6813202
1/14/2019,258.2999878,256.4100037,251.1397247
1/15/2019,260.7000122,257.8099976,254.0180054
1/16/2019,261.9700012,260.6000061,254.6326447
1/17/2019,263.9200134,259.9599915,256.5645142
1/18/2019,266.980011,263,259.9793701
1/22/2019,265.0599976,261.0599976,256.4669189
1/23/2019,264.7900085,260.6600037,257.0035706
1/24/2019,264.2000122,262.0799866,257.1401367
1/25/2019,266.7000122,263.6600037,259.315918
1/28/2019,263.8299866,261.7900085,257.3450928
1/29/2019,264.5499878,262.480011,257.0035706
1/30/2019,268.519989,264.25,261.0721436
1/31/2019,270.4700012,267.269989,263.3649902
2/1/2019,271.2000122,269.1799927,263.4917908
2/4/2019,272.0299988,269.3599854,265.3456116
2/5/2019,273.4400024,271.8800049,266.4578552
2/6/2019,273.3399963,271.9200134,266.1065979
2/7/2019,271.5499878,268.2900085,263.5699158
2/8/2019,270.5799866,267.8299866,263.8918457
2/11/2019,271.4899902,270.0299988,264.038208
2/12/2019,274.519989,272.3399963,267.4335938
2/13/2019,275.9299927,274.5599976,268.3018799
2/14/2019,275.6400146,272.8699951,267.7067566
2/15/2019,277.4100037,276.1300049,270.6240234
2/19/2019,278.5799866,276.4700012,271.0923767
2/20/2019,278.9200134,277.25,271.6387329
2/21/2019,278.1000061,276.3500061,270.672821
2/22/2019,279.3599854,277.3999939,272.3509827
2/25/2019,281.3099976,279.4299927,272.7217407
2/26/2019,280.2999878,278.8999939,272.5266113
2/27/2019,279.5899963,277.480011,272.4095764
2/28/2019,279.4500122,278.3200073,271.9021301
3/1/2019,280.8800049,278.8200073,273.5998535
3/4/2019,281.8699951,276.8399963,272.6046753
3/5/2019,279.7600098,278.4100037,272.2338867
3/6/2019,279.1600037,276.9700012,270.5849915
3/7/2019,276.9899902,274.0700073,268.3214111
3/8/2019,274.6499939,272.4200134,267.7848511
3/11/2019,278.6199951,275.230011,271.6680298
3/12/2019,280.0700073,278.8500061,272.6924438
3/13/2019,282.3800049,280.2999878,274.4974365
3/14/2019,281.8399963,280.6700134,274.3218384
3/15/2019,282.2099915,280.3299866,275.6771851
3/18/2019,282.6600037,281.2999878,276.6766968
3/19/2019,284.3599854,281.4100037,276.7453308
3/20/2019,283.5,280.3200073,275.9123535
3/21/2019,285.1799927,280.5899963,279.028717
3/22/2019,283.7999878,279.1799927,273.6583862
3/25/2019,280.1900024,277.6400146,273.4526367
3/26/2019,282.1799927,279.5599976,275.4909363
3/27/2019,281.7600098,277.9299927,274.0503845
3/28/2019,281.2099915,279.0700073,275.0892029
3/29/2019,282.8399963,281.1400146,276.823761
4/1/2019,286.1600037,284.3999939,280.1066589
4/2/2019,286.230011,285.0899963,280.2438354
4/3/2019,287.7600098,285.75,280.684845
4/4/2019,287.4599915,286.0100098,281.4295959
4/5/2019,288.6300049,287.6000061,282.7918091
4/8/2019,288.9100037,287.3699951,283.0074158
4/9/2019,288.0799866,286.7000122,281.5570068
4/10/2019,288.3900146,287.3099976,282.5174255
4/11/2019,288.8399963,287.5799866,282.4390259
4/12/2019,290.4700012,288.2600098,284.3499756
4/15/2019,290.3500061,289.0799866,284.1637573
4/16/2019,291.0100098,289.5,284.3499756
4/17/2019,291.4299927,288.9899902,283.6541748
4/18/2019,290.3200073,288.6600037,284.212738
4/22/2019,290.4400024,289.0700073,284.4577332
4/23/2019,293.1400146,290.4200134,287.0154724
4/24/2019,293.1600037,292.0700073,286.37854
4/25/2019,292.7799988,290.730011,286.2021179
4/26/2019,293.4899902,291.2399902,287.5348816
4/29/2019,294.4500122,293.4100037,287.9856567
4/30/2019,294.3399963,291.9200134,288.1326599
5/1/2019,294.9500122,291.7999878,285.9669189
5/2/2019,292.7000122,289.519989,285.3495178
5/3/2019,294.3399963,291.2999878,288.1424561
5/6/2019,293.3099976,288.8999939,286.9566956
5/7/2019,290.8099976,285.8099976,282.1646118
5/8/2019,289.4299927,286.8699951,281.772583
5/9/2019,287.3299866,283.2999878,280.9200439
5/10/2019,288.9400024,282.2999878,282.3312073
5/13/2019,283.4899902,279.9299927,275.236145
5/14/2019,285.1000061,281.8500061,277.7252808
5/15/2019,285.769989,281.3599854,279.3520508
5/16/2019,289.2099915,285.7600098,281.9392395
5/17/2019,288.6000061,285.1199951,280.1164551
5/20/2019,285.9599915,283.1199951,278.2643127
5/21/2019,286.9299927,285.5499878,280.7730408
5/22/2019,286.6900024,285.1000061,279.9106445
5/23/2019,283.2099915,280.5700073,276.4905701
5/24/2019,284.2000122,282.0899963,277.1177368
5/28/2019,284.1499939,280.1300049,274.5404053
5/29/2019,279.3599854,276.7099915,272.6980286
5/30/2019,280.0400085,277.8099976,273.4427795
5/31/2019,277.1199951,275.2399902,269.7580872
6/3/2019,276.5499878,273.0899963,269.072113
6/4/2019,280.6799927,276.6199951,274.9127808
6/5/2019,282.9899902,280.3200073,277.2941589
6/6/2019,285.5499878,282.5700073,279.0972595
6/7/2019,288.8500061,285.7399902,281.8901672
6/10/2019,290.8200073,288.8699951,283.1837769
6/11/2019,291.3999939,288.1799927,283.1151733
6/12/2019,289.2600098,287.8200073,282.615387
6/13/2019,289.980011,288.6199951,283.7815247
6/14/2019,289.9299927,288.4100037,283.4679871
6/17/2019,290.2200012,289.1799927,283.5757751
6/18/2019,293.5700073,290.9899902,286.5450745
6/19/2019,293.6499939,291.4700012,287.191864
6/20/2019,296.3099976,293.1300049,289.935791
6/21/2019,295.519989,293.7600098,289.5143738
6/24/2019,294.5799866,293.4700012,289.1598511
6/25/2019,293.730011,290.6400146,286.3237915
6/26/2019,292.3099976,290.3500061,286.038208
6/27/2019,292.0599976,290.8900146,287.0525208
6/28/2019,293.5499878,292.0100098,288.5296021
7/1/2019,296.9200134,294.3299866,291.1490479
7/2/2019,296.4899902,294.6799927,291.9072571
7/3/2019,298.8200073,297.019989,294.2410889
7/5/2019,298.6400146,296.0100098,293.9062805
7/8/2019,298.2600098,296.2200012,292.2913513
7/9/2019,297.519989,295.480011,292.6557007
7/10/2019,299.6600037,297.7799988,294.0540161
7/11/2019,299.5799866,298.2000122,294.7433167
7/12/2019,300.730011,299.5100098,296.0628967
7/15/2019,301.1300049,300.1900024,296.161377
7/16/2019,300.8800049,299.4400024,295.2061768
7/17/2019,299.9299927,297.7399902,293.1972961
7/18/2019,299.25,296.7000122,294.2706604
7/19/2019,300.0700073,296.980011,292.6360168
7/22/2019,298.5,297.0400085,293.3548584
7/23/2019,300.0299988,298.2200012,295.4523621
7/24/2019,301.4400024,299.0899963,296.8408508
7/25/2019,301,299.1099854,295.4227905
7/26/2019,302.230011,300.6199951,297.4021301
7/29/2019,302.0100098,300.8500061,296.8605042
7/30/2019,301.1700134,299.4899902,296.1318054
7/31/2019,301.2000122,295.2000122,292.8920288
8/1/2019,300.8699951,293.9599915,290.3415527
8/2/2019,294.1199951,290.8999939,288.1553955
8/5/2019,288.2099915,281.7200012,279.4896851
8/6/2019,288.0400085,284.2799988,283.4089355
8/7/2019,288.8200073,282.0400085,283.5763855
8/8/2019,293.6199951,289.0100098,289.1401367
8/9/2019,293.2399902,289.6499939,287.1706543
8/12/2019,291.6099854,287.019989,283.6748657
8/13/2019,294.1499939,287.3599854,288.0864868
8/14/2019,288.7399902,283.7600098,279.5684509
8/15/2019,285.6400146,282.3900146,280.3070068
8/16/2019,289.3299866,284.7099915,284.4429321
8/19/2019,293.0799866,291.4400024,287.8698425
8/20/2019,292.3599854,289.9500122,285.6640015
8/21/2019,292.8599854,291.7200012,287.9880371
8/22/2019,293.9299927,290.3999939,287.899353
8/23/2019,292.7600098,283.4700012,280.5039978
8/26/2019,288,285.5799866,283.605896
8/27/2019,289.9500122,286.0299988,282.4931335
8/28/2019,289.0700073,285.25,284.4823608
8/29/2019,293.1600037,290.6099854,288.1159973
8/30/2019,294.2399902,291.4200134,287.9880371
9/3/2019,291.5799866,289.269989,286.3040771
9/4/2019,294.0599976,292.3099976,289.553772
9/5/2019,298.8299866,294,293.2760925
9/6/2019,298.7600098,297.4200134,293.502533
9/9/2019,299.2399902,297.1600037,293.6502991
9/10/2019,298.2000122,295.9700012,293.5813599
9/11/2019,300.3399963,297.75,295.6690063
9/12/2019,302.4599915,300.4100037,296.6931152
9/13/2019,302.1700134,300.6799927,296.4961853
9/16/2019,301.1400146,299.4500122,295.5803833
9/17/2019,301.019989,299.75,296.3287659
9/18/2019,301.2200012,298.2399902,296.5060425
9/19/2019,302.6300049,300.7099915,296.4863281
9/20/2019,300.6700134,297.4100037,295.0854797
9/23/2019,299,297.269989,295.0162354
9/24/2019,299.8399963,294.8099976,292.7012939
9/25/2019,298.1099854,294.3299866,294.4325562
9/26/2019,297.8599854,295.4500122,293.8191833
9/27/2019,297.9500122,293.6900024,292.2363281
9/30/2019,297.5499878,295.9200134,293.5916443
10/1/2019,298.4599915,293,290.0994568
10/2/2019,291.5100098,286.6400146,284.9749451
10/3/2019,290.4500122,284.8200073,287.3096924
10/4/2019,294.6300049,291.0799866,291.1976013
10/7/2019,295.2600098,292.769989,289.9411621
10/8/2019,291.8500061,288.4899902,285.4399109
10/9/2019,292.2999878,290.0599976,288.1505737
10/10/2019,294.2099915,291,290.0994568
10/11/2019,298.7399902,296.1400146,293.1069031
10/14/2019,296.6700134,295.5700073,292.7804565
10/15/2019,299.7000122,296.9700012,295.6790771
10/16/2019,299.1600037,297.9200134,295.2041931
10/17/2019,300.2399902,298.519989,296.0747681
10/18/2019,299.3999939,297.0299988,294.7788086
10/21/2019,300.2099915,298.9400024,296.7771606
10/22/2019,300.8999939,298.9100037,295.8076782
10/23/2019,299.9400024,298.5,296.668335
10/24/2019,301.0700073,299.4599915,297.1531067
10/25/2019,302.2000122,299.6799927,298.3699341
10/28/2019,303.8500061,302.9100037,300.0516968
10/29/2019,304.230011,302.8599854,299.9627075
10/30/2019,304.5499878,301.9899902,300.8827209
10/31/2019,304.1300049,301.730011,300.0814209
11/1/2019,306.1900024,304.7399902,302.8613281
11/4/2019,308,306.9599915,304.0781555
11/5/2019,307.9200134,306.7099915,303.7417908
11/6/2019,307.3999939,306.0599976,303.8110352
11/7/2019,309.6499939,307.6600037,304.8794556
11/8/2019,309,307.0299988,305.6313171
11/11/2019,308.5400085,307.269989,305.0476379
11/12/2019,309.9899902,308.1499939,305.6906738
11/13/2019,309.5400085,307.6600037,305.7896118
11/14/2019,309.6400146,308.0899963,306.2347717
11/15/2019,311.8399963,310.2600098,308.4508057
11/18/2019,312.2799988,311.0299988,308.6783142
11/19/2019,312.6900024,311.2200012,308.5892944
11/20/2019,311.8500061,309.0599976,307.4417114
11/21/2019,311.0100098,309.3900146,306.947052
11/22/2019,311.2399902,309.8500061,307.6296692
11/25/2019,313.3699951,311.980011,310.013855
11/26/2019,314.2799988,313.0599976,310.7162476
11/27/2019,315.480011,314.3699951,312.1012878
11/29/2019,315.1300049,314.0599976,310.9438171
12/2/2019,314.6600037,311.1700134,308.3024292
12/3/2019,309.6400146,307.1300049,306.2347717
12/4/2019,312.1199951,310.3200073,308.1243286
12/5/2019,312.25,310.5799866,308.6783142
12/6/2019,315.3099976,314.1099854,311.4978027
12/9/2019,315.1799927,313.7999878,310.5184326
12/10/2019,314.5499878,312.8099976,310.1721802
12/11/2019,314.7000122,313.4400024,311.0526428
12/12/2019,317.9899902,314.1700134,313.7336121
12/13/2019,318.6700134,316.019989,313.9216003
12/16/2019,320.1499939,317.25,316.0782166
12/17/2019,320.25,319.480011,316.1474915
12/18/2019,320.25,319.5299988,316.1672668
12/19/2019,320.980011,319.519989,317.4632263
12/20/2019,321.9700012,319.3900146,318.8550415
12/23/2019,321.6499939,321.0599976,319.3421936
12/24/2019,321.519989,320.8999939,319.3521423
12/26/2019,322.9500122,321.6400146,321.052124
12/27/2019,323.7999878,322.2799988,320.9725647
12/30/2019,323.1000061,320.5499878,319.2029724
12/31/2019,322.1300049,320.1499939,319.9784241
1/2/2020,324.8900146,322.5299988,322.9708252
1/3/2020,323.6400146,321.1000061,320.525238
1/6/2020,323.730011,320.3599854,321.7480469
1/7/2020,323.5400085,322.2399902,320.8433533
1/8/2020,325.7799988,322.6700134,322.5533142
1/9/2020,326.730011,325.519989,324.7404175
1/10/2020,327.4599915,325.2000122,323.8059082
1/13/2020,327.9599915,325.9200134,326.0328369
1/14/2020,328.6199951,326.8399963,325.5357666
1/15/2020,329.019989,327.2600098,326.2714233
1/16/2020,330.9200134,329.4500122,328.9854736
1/17/2020,332.1799927,330.8500061,330.0094604
1/21/2020,332.1799927,330.8200073,329.3632507
1/22/2020,332.9500122,331.1700134,329.4030151
1/23/2020,332.1700134,329.4100037,329.7807922
1/24/2020,332.5299988,327.3599854,326.8480225
1/27/2020,325.1199951,322.6600037,321.6088562
1/28/2020,327.8500061,323.6000061,324.9790344
1/29/2020,328.6300049,326.3999939,324.7106018
1/30/2020,327.9100037,323.5400085,325.7644043
1/31/2020,327.1700134,320.730011,319.8492126
2/3/2020,326.1600037,323.2200012,322.2252197
2/4/2020,330.0100098,327.7200012,327.1363525
2/5/2020,333.0899963,330.6700134,330.9141235
2/6/2020,334.1900024,332.7999878,332.0275879
2/7/2020,333.9899902,331.6000061,330.2579956
2/10/2020,334.75,331.1900024,332.7234802
2/11/2020,337.019989,334.6799927,333.3001099
2/12/2020,337.6499939,336.4299927,335.4474792
2/13/2020,338.1199951,335.5599976,335.0895691
2/14/2020,337.730011,336.2000122,335.6264343
2/18/2020,337.6700134,335.2099915,334.7615051
2/19/2020,339.0799866,337.480011,336.3620911
2/20/2020,338.6400146,333.6799927,334.9802246
2/21/2020,335.8099976,332.5799866,331.5305176
2/24/2020,333.5599976,321.2399902,320.5351868
2/25/2020,324.6099854,311.6900024,310.8222656
2/26/2020,318.1099854,310.7000122,309.6789856
2/27/2020,311.5599976,297.5100098,295.7707825
2/28/2020,297.8900146,285.5400085,294.5281067
3/2/2020,309.1600037,294.4599915,307.2830811
3/3/2020,313.8399963,297.5700073,298.4848022
3/4/2020,313.1000061,303.3299866,311.0310364
3/5/2020,308.4700012,300.0100098,300.6918335
3/6/2020,298.7799988,290.230011,295.7210693
3/9/2020,284.1900024,273.4500122,272.6268921
3/10/2020,288.519989,273.5,286.7339478
3/11/2020,281.9400024,270.8800049,272.7561035
3/12/2020,266.6600037,247.6799927,246.6595764
3/13/2020,271.480011,248.5200043,267.745575
3/16/2020,256.8999939,237.3600006,238.4478607
3/17/2020,256.1700134,237.0700073,251.3221588
3/18/2020,248.3699951,228.0200043,238.5969849
3/19/2020,247.3800049,232.2200012,239.1039886
3/20/2020,244.4700012,228.5,228.8000031
3/23/2020,229.6799927,218.2599945,222.9499969
3/24/2020,244.1000061,233.8000031,243.1499939
3/25/2020,256.3500061,239.75,246.7899933
3/26/2020,262.7999878,249.0500031,261.2000122
3/27/2020,260.8099976,251.0500031,253.4199982
3/30/2020,262.4299927,253.5299988,261.6499939
3/31/2020,263.3299866,256.2200012,257.75
4/1/2020,257.6600037,243.8999939,246.1499939
4/2/2020,252.6799927,244.5899963,251.8300018
4/3/2020,253.3200073,245.2200012,248.1900024
